image_name,label,x0,y0,x1,y1,x2,y2,x3,y3,x4,y4,x5,y5,x6,y6,x7,y7,x8,y8,x9,y9,x10,y10,x11,y11,x12,y12,x13,y13,x14,y14,x15,y15,x16,y16
person_0.jpg,facing_forward,0.6097210295976273,0.18175360361735027,0.6642833899136165,0.121502685546875,0.5391014476100323,0.10231892267862956,0.7122621226200267,0.1757372538248698,0.4182254281783844,0.1377439816792806,0.7540939492182014,0.45308780670166016,0.26377690811972143,0.4196439425150553,0.8460328211621254,0.8357592900594075,0.16254912817026404,0.8364689509073894,0.8844659925170811,0.9803751627604167,0.2724817415988085,0.9712203979492188,0.6624094816424039,0.9660373051961263,0.33573268278102236,0.961916987101237,0.8109515263122605,0.9360574086507162,0.30178373325755975,0.9207444508870443,0.7855958909556429,0.9873063405354817,0.393521576573016,0.9846465428670247
person_1.jpg,facing_forward,0.5427734956605837,0.22470481606739098,0.6044073536283977,0.15727217909347385,0.47205388968057754,0.153534048769403,0.6749238255982731,0.1809580649471524,0.37350390182601456,0.17387596880464026,0.7598021447475015,0.4556205094447267,0.24200619102020204,0.41059617875057813,0.8095251923152496,0.8099590830621608,0.14495233968287305,0.7581289662445134,0.6266873372563418,0.9765897235982703,0.35664814159476627,0.9492709198560194,0.651053193605764,0.9692174653152431,0.30005480187498146,0.9553654711893068,0.8152270549143826,0.9085817300006891,0.2505960330177292,0.894421231614732,0.6898264318723806,1.0,0.351397331930209,1.0
person_2.jpg,facing_forward,0.5409489873939967,0.2208862700747938,0.6082952183211815,0.15397711657867869,0.4695259887451633,0.14421814551863568,0.6819806340880618,0.19816277855024372,0.3687239713744849,0.1773453031674393,0.7513833568890868,0.46916704070803417,0.22875875847782004,0.44081404585513256,0.8291907611142941,0.8211568940013121,0.1331217642607504,0.8060642291332762,0.6049925270760804,0.9897019755763533,0.3143859323020595,0.9633563006215764,0.6510872465100009,0.9770112559445784,0.30255177067775696,0.9656599403864394,0.8235379061182013,0.9310597317058047,0.2754297136653188,0.9011936236302622,0.7263002424238998,1.0,0.3411711999907455,1.0
person_3.jpg,facing_forward,0.5085594018584305,0.22746017073658806,0.5724130648331004,0.1536416803306305,0.4400018619312574,0.14836407002007224,0.6461231019954273,0.18731679993710834,0.34980892443399436,0.17658973752937837,0.7334267120070009,0.4577008857924044,0.23440121246091083,0.4248429877830891,0.7983643857175254,0.8182449268067572,0.14583788156847705,0.7925872826102494,0.6233970897321993,0.9942932318966943,0.311800072694823,0.970210112796617,0.6347294804307755,0.9486482757881367,0.29493471988225206,0.938721461373693,0.8436243184379474,0.9161424205329048,0.30063553792021125,0.8929775351162169,0.7906551952722847,1.0,0.3712654381126172,1.0
person_4.jpg,facing_forward,0.5055691361743939,0.23658079698297196,0.5694450658193767,0.16577673330881912,0.44012287400574407,0.1583600635672743,0.6415601064676392,0.19637751784807728,0.3493262313539689,0.18033925024715658,0.7223406747273388,0.4676199107055382,0.22930729949902875,0.4368269038691298,0.7856256276877913,0.8264455002232998,0.13396654627678173,0.7972821682089831,0.6058708606733995,0.9965781695525988,0.29800104804664024,0.9644126325325503,0.6283697352177489,0.9650154783004787,0.29490239173675104,0.954379792833795,0.8440762250712737,0.922759399902537,0.2457619730331208,0.8970999657734252,0.784744499073729,1.0,0.34348459684797955,1.0
person_5.jpg,facing_forward,0.5101073238159111,0.23941099117057418,0.5732689311853267,0.1685983987920276,0.4428612198025748,0.16067706679712102,0.6429578168205374,0.20114418036890722,0.34811350428792737,0.18459051166163015,0.7212176559744046,0.4714428762307878,0.22907495792104854,0.4387940758757026,0.7905721434549471,0.833536876359824,0.12275111036938278,0.7944326040962559,0.6622133187248698,0.9932568079489863,0.28078128809672853,0.9601477509010401,0.6236194288429886,0.9681968452879594,0.2911630169289841,0.9563947465582016,0.8256095631668188,0.9287041269481775,0.23627416554011507,0.8987535269203194,0.782422382714035,1.0,0.3522347909329088,1.0
person_6.jpg,facing_forward,0.6349535445259783,0.23466277513960251,0.6925078838764913,0.16456808301935963,0.5785444998121266,0.15312614558193385,0.7553287992539492,0.21332843901502094,0.49730535224417044,0.18757263615283953,0.7984237480257601,0.49066655101666884,0.3719998618424564,0.44731155368186376,0.8703301441967028,0.8401221139137741,0.1442662526126952,0.6899362004736361,0.8128282419138587,0.9912755340825702,0.1113216443678298,0.6814860565245,0.6948621616840986,0.9756302740657871,0.40128088789247995,0.9443777910911096,0.8497786339358886,0.9122452541129115,0.31766990499575587,0.8457410002693154,0.7757102815378609,1.0,0.3346133315749646,0.9704008611850214
person_7.jpg,facing_forward,0.5901875800579659,0.25794347087505576,0.6594196285667754,0.17683900879321865,0.5118528546711478,0.1710127273723677,0.7385671225897096,0.217777889008935,0.41029474605319655,0.20569858101797217,0.7870837177221852,0.48524834147420104,0.2705421274014837,0.46397287665601156,0.8740924636640856,0.835378590741246,0.1486168446810368,0.8470833179181457,0.7790415456490586,0.9842060110064769,0.17331684907162115,0.9384685725048318,0.6903198974645397,0.9816832619816235,0.3512104994187581,0.9771522190253157,0.8460385442251819,0.957690503525643,0.36404045055563866,0.920875012867972,0.7441960686912026,1.0,0.38610977379811584,1.0
person_8.jpg,facing_forward,0.5894849381085853,0.31415857952384835,0.6522162901368938,0.23345214413708454,0.5149369425560681,0.23053604691219184,0.7258247375203349,0.2635429147008744,0.41813748265216294,0.2580898547030499,0.7716575519846695,0.521157336032858,0.27998973750172174,0.4977273649568914,0.8614055972045079,0.8871435011421681,0.12831689384222483,0.8670355348521703,0.836050405606451,0.9970627371089424,0.15818960812171184,0.943997786583444,0.6922060492539874,0.9900052677550767,0.3769257945480508,0.9885755966935146,0.8008615406932794,0.9236896378214183,0.4174252561451602,0.8835043030804115,0.7657933015643404,0.9997316854754781,0.41695320043802353,0.967826631607075
person_9.jpg,facing_forward,0.631722741539145,0.355161188380793,0.6881098728459656,0.2721075570022429,0.5676469035014391,0.2677042824686172,0.7536068816847403,0.3053903397006543,0.4847896235998174,0.2962704848150704,0.7938542576496525,0.5606534283920459,0.34380676331351195,0.5431530143877088,0.8751970681928738,0.871214380200778,0.14739855769486432,0.8455094760310711,0.8236603035330615,0.9883946330047811,0.19017486687448937,0.8065824718930953,0.6804302221827219,0.9840088684478039,0.38852051812711463,0.9783873905941445,0.8166897113752265,0.9357805776366843,0.45527647832274887,0.8916502674858924,0.7069661325710371,1.0,0.4147749532967535,0.9907479480213436
person_10.jpg,facing_forward,0.5425862197327368,0.34028674489018623,0.6082036149338359,0.2666456064883273,0.4809031316756621,0.2526760509285042,0.6797461972883596,0.29482028434441393,0.39430252718074504,0.2629618036218386,0.7587223497807296,0.5386645030374027,0.2894103260785539,0.5128250084816828,0.8731778512339293,0.8381022794922512,0.1828112486385544,0.8576986154052965,0.8322622938029876,0.9485826948066496,0.20768770466282174,0.9799019965561168,0.6811806061171156,0.9633550336386739,0.3666303059509235,0.9480421075541388,0.8328483784318003,0.9786947170318592,0.33523672086601614,0.933637457671602,0.7002883564916841,0.9978942382168622,0.36798550772554206,0.979491419097549
person_11.jpg,facing_forward,0.5173422474894235,0.3257589362407342,0.5806748583023534,0.2549889420586866,0.45599584041609414,0.24432506962703157,0.6529689042250714,0.28582361066850254,0.37202090654004616,0.26282213478618227,0.7509466108337812,0.5318950239583407,0.27588938503572963,0.5276251514359996,0.8782715566265668,0.8326179572281512,0.17749301664633668,0.8778958682320003,0.8408203903986252,0.9498192986142289,0.22390731517964452,0.9992570136341894,0.6876257591616436,0.9670548068995423,0.3718241530812222,0.9611351840510192,0.8350327716343339,0.9784285525432627,0.34353753990531105,0.9466512926263999,0.7309123080865793,1.0,0.36424969044364935,0.9822752983536663
person_12.jpg,facing_forward,0.513265752952569,0.3795837841764578,0.5829052772191777,0.29852875391421047,0.4462541060404411,0.28865525762737354,0.6626222032089782,0.3334239480220891,0.3580842978864439,0.3109594069134802,0.7493280451123248,0.5940100632008779,0.2454931498975935,0.5644250045562238,0.8867576617885765,0.9341515419153473,0.09867300023368852,0.9200865109011637,0.8359906942178209,0.9776347399638816,0.19608621053007141,0.9859590564347261,0.649139625852857,0.9775716537881656,0.3224756792425968,0.9647175587306807,0.6927607953027345,0.9835779037802002,0.2997770895993005,0.9540979887617395,0.6490785364375704,1.0,0.3223618464307319,0.9946098916574586
person_13.jpg,facing_forward,0.4953403248016769,0.3843651505213099,0.5629188011452125,0.3041134338420608,0.43376962125095275,0.2930440918534241,0.6399843578662735,0.3336831294438481,0.3516861891625424,0.30777211466533194,0.728959693066427,0.5865459095513317,0.24590986362915604,0.5635917399336358,0.8698103578459359,0.9119648706418918,0.11658004714989216,0.9157744893533926,0.8563735213697047,0.9870367575224293,0.22244191385607204,0.9943154596760436,0.6467151798538079,0.9776479232771104,0.3302526498487469,0.9682317211729367,0.7065981912651456,0.9794483328635929,0.2972580059218405,0.953652881899332,0.697470037402333,1.0,0.3275979122366564,0.9938081654718162
person_14.jpg,facing_forward,0.5149440184517534,0.3393628427096369,0.58426384928963,0.26728659465324756,0.4538552537571511,0.25432236093107896,0.6622796955781299,0.31046391456218486,0.37117497675253464,0.28012572534468316,0.753905495242968,0.5609942579373519,0.24923371714978607,0.5499837827033344,0.8779090603603421,0.8669074697265391,0.1725910409848837,0.9200617883484645,0.8251160308716139,0.9602290166556054,0.2628681719033629,1.0,0.6784066417374008,0.9750181924391929,0.3442359705478265,0.9694409917686816,0.7876096140611066,0.9721691853948806,0.33439409824669725,0.9396878544932667,0.6760058103786498,1.0,0.3549069730980343,1.0
person_15.jpg,facing_forward,0.484773844105527,0.3091495894768412,0.5567889011528451,0.24565524902002847,0.4217239865506387,0.2338488214632968,0.6424843666252203,0.27881768971237286,0.3353404053770279,0.2519471528927416,0.7640144827573092,0.5361219733269257,0.2384400705012976,0.5280363346301317,0.8709056368710485,0.8645330634850764,0.18194622646096906,0.8899933465410925,0.8160626389033397,0.9567143068343422,0.24189755986511519,1.0,0.695101311657734,0.9709337832741864,0.3553760703078754,0.9607774814843688,0.8146179490892179,0.9688171524606322,0.31363413108210203,0.9297627334753097,0.6968892443413826,1.0,0.35922583723686635,1.0
person_16.jpg,facing_forward,0.5033589151821596,0.2963707636172171,0.5645215461497525,0.2365427270936348,0.44447838068502665,0.23012590363207075,0.6379239996772399,0.2556883767326544,0.36228185728938916,0.2431824063549205,0.7535718770359365,0.4975671947580945,0.27220875186381516,0.5041642307440396,0.8221383714899926,0.8317214643394333,0.21105650108595597,0.8624108337411469,0.767357575230677,0.9202947390838003,0.2923523666597443,0.9755300373996846,0.7055522459136149,0.9602745971582981,0.3852814351616733,0.9585187539124248,0.7703309453074185,0.9201102494644375,0.2277302435259697,0.9032387695295668,0.6880760375436346,0.9806564868401448,0.32057606895294655,0.9770671104291024
person_17.jpg,facing_forward,0.48789565376006333,0.306211647774235,0.5644282613803594,0.2467392518940486,0.41220528857450256,0.2335891622052951,0.6470841113982909,0.28376946876424813,0.30087559359657695,0.25539836850788106,0.7437959882764676,0.5268528051089912,0.17931972904789584,0.5156429603362732,0.8104808441437987,0.8542191260658148,0.16677424316436443,0.8962982597639516,0.8457933480083598,0.9892332489369724,0.29269883939502617,1.0,0.6600933059619356,0.9727774962857143,0.2944498720057381,0.9709582203413939,0.8083701754819881,0.972770256087725,0.25765731855112967,0.9506850252458656,0.7324830268478785,1.0,0.3045462696165119,1.0
person_18.jpg,facing_forward,0.4088981886289382,0.4613789094266837,0.4885726265626448,0.36206782558953315,0.32414630141573597,0.3489583068974475,0.5746356389294814,0.37883513703802896,0.2104675791254885,0.3526630333075352,0.6927475429800206,0.6038052778080085,0.12156485450409515,0.5920855094255895,0.8913744041095013,0.9700424202445942,0.1472117909619837,0.9763823526561778,0.7835517841329662,0.9934941518492222,0.2563368722695522,0.9841996404697557,0.6292615538411812,0.9822018620399752,0.2623748506814241,0.9805583272265751,0.6434291499702237,0.9658666434283557,0.3184319649103633,0.941971876590067,0.6085973101141177,1.0,0.3160123838754966,0.9973660464415095
person_19.jpg,facing_forward,0.3710122428635545,0.54378231617521,0.4552389321834869,0.43591854942435515,0.28707752583207363,0.42109926214204085,0.5545030634178727,0.3976444878561881,0.17640783007800612,0.36505128649795593,0.6612102600560104,0.5979637568613649,0.09341770138961618,0.5789997390194783,0.8754048472772249,0.9458186301554633,0.16248847232476243,0.9921250331892981,0.8471774252929851,0.996328633133645,0.3438828692757362,0.9662689759900753,0.6385895023842876,0.9720882607220914,0.28357708179022656,0.9770972590244429,0.6738368369481245,0.9537046482586139,0.34729931479580556,0.9323687821957445,0.6839461127677311,1.0,0.3656009430587989,0.9807749307948231
person_20.jpg,facing_forward,0.3483861235312486,0.4713016146323376,0.431488408250094,0.38045897472734774,0.2681316386830631,0.37028633272180245,0.5355780324830027,0.3722323367543851,0.1657970445210964,0.3518035949736651,0.6664238755626024,0.5855052400324746,0.12233052859732822,0.6094843640323085,0.8877865421675464,0.9174738394834273,0.17191802099134246,0.9708255290463277,0.7568370100803341,0.9890935075096537,0.33033035505059566,0.9958179728255588,0.6446573835305636,1.0,0.3022235965642783,1.0,0.7025175929933347,0.9493450312187159,0.3383050146451039,0.9397160070523831,0.6580508913526112,1.0,0.3580799158814855,0.9807513591453925
person_21.jpg,facing_forward,0.21336107131494242,0.4066663431018606,0.29359440099675926,0.3181441698096315,0.14452605987646913,0.3296424683833323,0.4319561063804521,0.33126738967971975,0.08936249124802602,0.3541688349696499,0.633031163201424,0.5576882766960471,0.11548758394982962,0.6488234562090521,0.8749089488384447,0.9479047217142094,0.22431044666278743,1.0,0.7103335874581423,0.9902278579511709,0.40135990050183645,0.9841106977798473,0.6940960311168882,0.9861078288091788,0.3612943738214773,1.0,0.7248576503751576,0.9387764251387637,0.394974042542696,0.9314877531822974,0.7087566529207333,1.0,0.42805068728132367,0.997945407564037
person_22.jpg,facing_forward,0.18335872947641702,0.3803318888195857,0.25351690728941145,0.2858953526272073,0.10404102263391939,0.3107902022692331,0.3821937116223093,0.2979963349576058,0.04581227830517841,0.3573928477067369,0.616415343839146,0.5123308021273932,0.11270345468988399,0.6719292551172722,0.8639996313238829,0.8950357770680135,0.2418411041690793,0.9899977513204633,0.6299582319358138,0.9741531415206297,0.35381730416580837,0.9740754043637949,0.7134696627163101,0.9739751464948581,0.3869869977441763,1.0,0.7170435962819066,0.9435827671782328,0.39055768685400155,0.9429319728652552,0.6553008083925728,1.0,0.4245602785782424,0.9947304925354353
person_23.jpg,facing_forward,0.27098796614336984,0.3416307781973923,0.32318430089964123,0.258636671114815,0.18238997427870493,0.28404672929237523,0.4162334449979967,0.2763860355394742,0.0984355300653759,0.3424098195071522,0.6164744290750881,0.515664393803536,0.11708893847167115,0.6326985711422423,0.8824856495288239,0.8946974292164226,0.20245235584792926,0.9924940134604836,0.7828364478947036,0.9311905961221992,0.40258688896413747,0.9575814775939913,0.6606975542075395,0.9521496819486054,0.3397837282195946,1.0,0.8921952833081301,0.9078186315878307,0.45721229750235354,0.9183046357441242,0.7600234845187323,1.0,0.5166368810782764,0.9822903260686104
person_24.jpg,facing_forward,0.4528715849709302,0.30447261964360994,0.5205072554343311,0.2461922739394972,0.3886021704057416,0.23235755504724384,0.595329800565673,0.306239593006041,0.2953137200655396,0.27458489339948244,0.6843121700360063,0.5701360939607619,0.15473835857705887,0.5557121820455333,0.8439415577013046,0.9208584531505791,0.1082034519075717,0.9715612512085439,0.8156572176424856,0.9545284657824287,0.24698266016958756,0.9974278514302707,0.6030307863201215,0.997189330588484,0.2551036739906188,0.9994960521963427,0.8739279993800259,0.9627551076359568,0.31574899178028537,0.9377596408708809,0.7271427816161591,1.0,0.3242073536984695,1.0
person_25.jpg,facing_forward,0.5847839794324295,0.3184044768156107,0.6517060431483782,0.2688326568049296,0.5347923278555451,0.2412752985993719,0.7137358656270105,0.3277130833501642,0.4465951699757347,0.2610335037464626,0.7273511851288498,0.580144235667474,0.27550193966544456,0.5205312811729378,0.8487131586877644,0.9162324215747589,0.2105516233186742,0.9448961263498595,0.7997894404823317,0.9937872904363768,0.41818180307301506,1.0,0.6053639553374499,1.0,0.3000445823007613,0.9936342086157477,0.7810157867404961,0.9547403909399172,0.35037189212662084,0.955320189939509,0.687599098572114,1.0,0.34044465844265376,1.0
person_26.jpg,facing_forward,0.6002356162313461,0.31129222789896577,0.6729721491289924,0.26101352502303987,0.5459038277966344,0.2326165149780794,0.7386306855628875,0.3201867741890976,0.44968711727402977,0.25248506357097383,0.7456578998780452,0.5674665085242061,0.2692121482802512,0.519360523675399,0.8433540852265479,0.8916550709713292,0.2251210814618117,0.9436633602977575,0.8358394916661642,0.9783737219428983,0.38457903345463257,1.0,0.6269768487742547,0.9890952108134162,0.30406700966503963,0.9794333563764333,0.7912012714556195,0.9700197923077826,0.31515259097638093,0.9533526162944761,0.6776200418833048,1.0,0.31822267913936614,1.0
person_27.jpg,facing_forward,0.5668949558026561,0.32170682449486177,0.6419517274823253,0.26770335260784955,0.5099473375247786,0.24122874754073606,0.7114353629797262,0.31173404457875376,0.4120455670787215,0.24761837018982513,0.7413874647995168,0.5506560226412331,0.25912459482223227,0.48550834055048997,0.8107012191490629,0.9226673004076253,0.2518304251282531,0.9126557193739941,0.8531740924443386,0.9539742865599943,0.3879618516092257,0.9831701985992318,0.6156728971167508,0.9855719782091393,0.283589283739291,0.9637924040101162,0.8695271947660816,1.0,0.3083553143158557,0.9616522529707883,0.7238892301409721,1.0,0.33399062454803,1.0
person_28.jpg,facing_forward,0.5135565940508772,0.33115516867869743,0.5881687408964033,0.26879485122302404,0.4496310048240928,0.24860004205502798,0.6607943660938574,0.2917985762604837,0.3482653765738647,0.2434903434354022,0.7285180261568297,0.5355086400439428,0.22458354927567614,0.4555178397403223,0.8362174947611796,0.9427034590069696,0.2215743705428613,0.8480747485507489,0.8280378650460933,0.9522932393044307,0.3269739792435037,0.9350387202652444,0.6050263686307362,0.9564775619379863,0.2586595098049656,0.9307642706283029,0.9012977838991023,0.97381419386452,0.3538128022453271,0.9321926914060309,0.7526029926650598,1.0,0.4112152318037516,1.0
person_29.jpg,facing_forward,0.4690783164792057,0.34339722685249546,0.543887627578899,0.28180982819596195,0.4080137400142584,0.2604303900950272,0.6172038693354054,0.3055042718255917,0.3095515528035602,0.25451691831687906,0.6980938119012989,0.5482449103484162,0.17443864712297352,0.48879422158907576,0.8068702359959308,0.8828116251812609,0.1377701557209245,0.8466831656019518,0.8459054597303264,0.9670844328018049,0.1655985265559791,0.9665084792453937,0.5976426297474112,0.9597701032150605,0.2454137252523542,0.9390755664839923,0.8550084909557589,0.9964020757794695,0.2801541932390479,0.9517291997995131,0.7528927324513572,1.0,0.3522445675620315,1.0
person_30.jpg,facing_forward,0.47238199405335607,0.39138352256697684,0.551795408287193,0.32293203596949827,0.41036390154545793,0.2950748168832273,0.6254337780227385,0.36449706683810074,0.3105644869444972,0.2996900437938165,0.6918244830955675,0.5816777783082612,0.16053679400658508,0.5436482881399768,0.8248809981071071,0.9294887130010164,0.09582527572758018,0.9398895210151852,0.872926936494723,1.0,0.2790839230080797,1.0,0.585311430924484,0.9696133005749901,0.23854856957368742,0.9633908791519936,0.719710470373792,0.9559347859444138,0.30009330402054496,0.9323230688198393,0.7420839526762516,1.0,0.3714190794267728,1.0
person_31.jpg,facing_forward,0.47319370435882113,0.384916271022791,0.5489486426489443,0.32415058978464745,0.41426160468163614,0.29596481388685164,0.6184434549531242,0.3605983636712478,0.31350648008961346,0.29554688856698763,0.6943106839266937,0.5737603413198876,0.165260803870086,0.5431749003521035,0.8259193775822319,0.9376499269824625,0.11295461883172722,0.9441938445263963,0.8360052847320403,0.9978118777715718,0.2875899432132702,1.0,0.594125229143375,0.9861017635172831,0.2518199466342189,0.9814333976273996,0.7375903667714352,0.959964363364703,0.3045339258306979,0.9410933957158215,0.7424996925222493,1.0,0.35746169043783366,1.0
person_32.jpg,facing_forward,0.4750946855188343,0.37848764578682836,0.551224528730225,0.31275362606737855,0.4139711616119754,0.28633963681173286,0.6224988947580075,0.3505199640765491,0.31428779435381976,0.2892899287138014,0.6992335676231857,0.5764324604199634,0.16641174627082275,0.5394891064986779,0.8346339636054033,0.9220811635455792,0.11408898685942587,0.9359686595766018,0.8301455717918104,0.9867812466257685,0.2854190559951178,1.0,0.5890628793291526,0.9742413606055081,0.24252068360862014,0.9655217535206552,0.7442337646762515,0.9595358146744669,0.31688281194949,0.9352877416510498,0.7063995760429702,1.0,0.36050757540177136,1.0
person_33.jpg,facing_forward,0.4729592421900114,0.3865979120576063,0.5517228901844287,0.3246099561790263,0.412865775942699,0.2953537788503024,0.6246021384482923,0.3612121763434647,0.31116836039912965,0.29356477743102943,0.7023953916261608,0.5737807657283536,0.16555301939917325,0.5410311461710219,0.8413611890534968,0.9333463804375435,0.1012387104694797,0.936077367833208,0.7840534886688733,0.990726135410364,0.27293610985918676,0.9949705655407186,0.5990109313186236,0.980202631564618,0.25220934759396296,0.972453100091255,0.7515604469450623,0.9630156235336021,0.3173681481373789,0.9423775176400159,0.6963769148384533,1.0,0.349271703117857,1.0
person_34.jpg,facing_forward,0.4632502417239311,0.38773371775865717,0.5425024918732633,0.31840881977525626,0.400834253175353,0.2915906939050949,0.6179125089335554,0.3518886598395248,0.3008793809808497,0.2901194968750919,0.702616190266137,0.5749812952749016,0.15863311518772627,0.543253327236931,0.8341296432934574,0.9438564789342538,0.10984284148443328,0.9389799551086597,0.7765501922338998,0.9937767103378294,0.26070749512756103,1.0,0.5953913276891192,0.9805662439444714,0.24377610740700803,0.9723209794259877,0.7206110153022766,0.9623741728000715,0.32002112398217947,0.939410018018175,0.6798434411296389,1.0,0.34475507324293014,1.0
person_35.jpg,facing_forward,0.4598600050480658,0.38637817418559156,0.5384244651411757,0.31857210143819026,0.39842767223731396,0.2903425172790311,0.6112986784123071,0.35522604081047093,0.29839204630000643,0.2901416902405708,0.6884455918552455,0.576692982539585,0.15629940464310327,0.5428474722338703,0.822149632999521,0.9369461589426619,0.10562319108858949,0.9427323172580003,0.8395738396431617,0.9986366000512656,0.2592437626677758,1.0,0.5893931706881063,0.9783000102068599,0.24450841919869826,0.9732956922166395,0.7354835732180303,0.960955290097212,0.32633504581602185,0.9381551062194742,0.731407729838081,1.0,0.3779776097459157,1.0
person_36.jpg,facing_forward,0.4385241816017174,0.3778897955674097,0.5160612446150646,0.3075152795183737,0.3759777621112586,0.28742142085179456,0.5969079755187656,0.34542405302887536,0.283948404600118,0.2977260325532923,0.6831351449767132,0.5755991358609405,0.14654345122652732,0.5471931003793161,0.8284658887810403,0.9364056205068084,0.1067858105771868,0.9590398264669353,0.8379754680652475,0.9935178071851714,0.29651402079728806,1.0,0.5967071116685783,0.9826828505141382,0.24516023881355473,0.9811995838497628,0.7179433647258988,0.9702521955783462,0.30511370621608064,0.9553307974045165,0.7021875009788884,1.0,0.3366456492680143,1.0
person_37.jpg,facing_forward,0.38806592334474554,0.35892120997627447,0.4651700221303272,0.2951226470887272,0.3280669018742004,0.2760891763331397,0.54959469494608,0.3349439335133767,0.24123167713486576,0.2909411632374052,0.6733932434255547,0.559619527062871,0.1433744126680265,0.5494696906641738,0.831135224726147,0.9158941341021366,0.1402739776971773,0.9476027556005286,0.8588084860922874,0.9758874462205107,0.3124139912831752,1.0,0.6170309359053976,0.984502338119787,0.2674834332457624,0.9873239908582419,0.8031635250640033,0.976888402985626,0.3444827225590734,0.9457381223177814,0.7823474868871119,1.0,0.41284276389996477,1.0
person_38.jpg,facing_forward,0.31518371743318463,0.3705366823659599,0.3937381206145899,0.2942126516016506,0.25488632681991485,0.29237474145239073,0.514299665818439,0.3021809811942635,0.1942098128958161,0.2931712370753246,0.6689042043435759,0.5706705285099161,0.13381789903401495,0.5523570484802585,0.8350922944408498,0.9422573134038426,0.14894969515255269,0.9423472485417046,0.8508799369951365,0.9974803522274986,0.3043852007169941,1.0,0.6004905105172735,0.9946604114752144,0.25393700630380994,0.9897165248273491,0.7240179054419201,0.9713259666292903,0.31754261090761066,0.9477832643374463,0.7298379318472754,1.0,0.3761344617805016,1.0
person_39.jpg,facing_forward,0.3453847685954523,0.35290170553054145,0.4312115120032821,0.289711931013878,0.305034338752388,0.27380480340883384,0.5570569658611987,0.32716599006074976,0.2558670560878376,0.28059606229038025,0.6737808810487798,0.5692195693585496,0.15151378781976635,0.5404607792883818,0.8280336363334977,0.8980202634960847,0.11641045557770327,0.9449068740170282,0.8372162352005106,0.9750317303198041,0.26456301878504324,1.0,0.5901687514763229,0.9972796401277422,0.24390663915353344,0.990159194092831,0.7419068367735974,0.961661755586334,0.30162526314807986,0.9466408178706689,0.707445122229175,1.0,0.32498043224662154,1.0
person_40.jpg,facing_forward,0.48863038452547586,0.36575655968438386,0.5780752122042425,0.30399858602494717,0.4408577505138482,0.27468492905215397,0.6743839881080667,0.35375576181317325,0.3645736122190449,0.27887394600350585,0.72583486808038,0.5793891509339844,0.20632075592166524,0.5326470027500682,0.8473166662453551,0.9164838158171338,0.10280263226817936,0.9430279019347025,0.7487327424025135,0.991112193591001,0.26911102117338503,1.0,0.6041285585956302,0.9802945892926405,0.2578449962381649,0.9655790275471536,0.7614193910544161,0.9628044362051247,0.3145256348145521,0.9404074652836556,0.662010326217684,1.0,0.31400331698209877,1.0
person_41.jpg,facing_forward,0.48328156967463043,0.361204421769729,0.5688756064387088,0.2999648305203607,0.43325011603245994,0.2766302577781004,0.6644739957208478,0.35063718803141203,0.35751617169890254,0.2901632869610368,0.7249112976071297,0.5802570528576704,0.20532721023624834,0.5405267230217535,0.8448363734184724,0.9132851878662995,0.10920339033319527,0.9454886484178558,0.7879319477427263,1.0,0.260922791064564,1.0,0.6106160074843539,0.990178360507997,0.26575582920021895,0.9778533876151418,0.7375328845357348,0.9631930053630261,0.2899093125675122,0.9417263958893626,0.6874025691563868,1.0,0.30997174115291515,1.0
person_42.jpg,facing_forward,0.2333210494103151,0.2906375824467753,0.3198660788278583,0.2415529899074006,0.2275932593117823,0.2242155844705471,0.48779262107601024,0.3016634165132946,0.22617772448815415,0.2431571502906782,0.6680824709927744,0.5634488661090629,0.14915911183840846,0.54684644191701,0.8207665782429031,0.9199496657513209,0.1322461064303022,0.9431269262863176,0.849368854838149,0.9951028444727039,0.2563461123324065,1.0,0.6076560479994696,1.0,0.25250563731811615,0.9943075363191574,0.7059834239804923,0.9589353807982349,0.2772264314017821,0.924081724382065,0.729031448513842,1.0,0.3324792476353179,1.0
person_43.jpg,facing_forward,0.4000735530412006,0.3320099216042838,0.46201049654726084,0.25704023744032045,0.3248423987467537,0.25915821886615426,0.5415656940016518,0.2887833796874816,0.23340886360682433,0.296184937276097,0.6755116678443761,0.5551038801401874,0.14124061735003637,0.552680270469842,0.8214932840410416,0.9146708249954825,0.1286246846287187,0.9511442893569665,0.8602379482175316,0.9879121639085231,0.2845011577295876,1.0,0.6124323647276528,0.9944865174601687,0.26375575251702216,1.0,0.7400466290363313,0.9626071013471544,0.2943843478708846,0.9410479128841586,0.7462043858245685,1.0,0.3544087943272266,1.0
person_44.jpg,facing_forward,0.45527319022775664,0.33998752287753525,0.5154594794653233,0.2667873013363809,0.3773950908701564,0.2597094649277099,0.5811060400494077,0.3015319126621792,0.2662880429128032,0.2899248667981582,0.680747793517727,0.5581711946987948,0.1548614770751045,0.5439770837402271,0.8248983454237824,0.9160512268417359,0.1217603551479793,0.9336361673380296,0.8543690792321706,0.9802445136712822,0.28928317964309647,1.0,0.6114667780462424,0.9970305899510098,0.2662420721598322,1.0,0.7426188962113137,0.9735585044737478,0.28648504759778576,0.9546856953284739,0.7108636144385774,1.0,0.33093463388378297,1.0
person_45.jpg,facing_forward,0.4928120504019492,0.35423916770955344,0.5451970301185343,0.27992573925137376,0.4136268611698711,0.27125303561169367,0.5931126231525533,0.2968193278995062,0.27776802986641663,0.28229575908265836,0.6772648081077273,0.5534594043997839,0.15134434669032495,0.5435342186683836,0.8262768885091354,0.9159318954114467,0.12771486820083994,0.9443501834568786,0.8492051020387614,0.9845390419269112,0.30311003701470696,1.0,0.6129160338012959,0.9957448947325894,0.26928658909205905,1.0,0.7586973582741567,0.9734900197803862,0.29129286169437435,0.9543145609473208,0.720350085499757,1.0,0.32973400458151114,1.0
person_46.jpg,facing_forward,0.5712606453619842,0.36770428747227724,0.6045522307701511,0.289945512462171,0.49602970372054256,0.28596275021260986,0.6215282101594063,0.28966332869252476,0.32597427645038946,0.28456677875402897,0.6810759702165166,0.5587335526127081,0.16713313631886034,0.5473040582067288,0.8227076488675656,0.9129154242910571,0.12911945697387364,0.9388858923285662,0.8347868215663049,0.9789942325385487,0.2954417231986536,1.0,0.6190200165109295,1.0,0.28169627068352854,1.0,0.786126894868451,0.9696343619899546,0.3483772627750326,0.9468234980359321,0.7429905201740428,1.0,0.40377734971664214,1.0
person_47.jpg,facing_forward,0.5673173211400874,0.378471789452279,0.6030511142019267,0.29983962936791825,0.4943586768085924,0.29444869613228797,0.6193071852048208,0.29157654243672787,0.3224708781203848,0.28118676819178445,0.6795726116656964,0.5703917490579135,0.15343817573704077,0.5469043594761744,0.8181566230493684,0.9414156041097032,0.11757270922535704,0.943463388204983,0.8433574386994783,0.9894522279602644,0.2911453696708838,1.0,0.6029676108345138,1.0,0.2605073359088228,1.0,0.7730490795695308,0.9757267037450134,0.3463949458961079,0.9450728990471272,0.7408391799597053,1.0,0.3982145298426658,1.0
person_48.jpg,facing_forward,0.529136890571852,0.3885561688729029,0.5828828447494183,0.3131853627757997,0.45638559900138975,0.2991160035235786,0.6199959573088215,0.31106399078590075,0.3050172597991745,0.28063403352607663,0.6809766843856095,0.5693995887966948,0.1567084297947239,0.5454572144454468,0.8200191831926816,0.9164402308324359,0.1208427450297026,0.930021594109124,0.8386253257067307,0.9780609876257342,0.27157776781913767,1.0,0.5983503456295419,1.0,0.26230880315594546,1.0,0.7710698621868801,0.9766591001548235,0.3372209497729342,0.9416392937474095,0.7349998590132326,1.0,0.40452886750628836,1.0
person_49.jpg,facing_forward,0.4744060460799836,0.42974984198137184,0.5431087462052245,0.3490446724343386,0.4030915478726389,0.3312271609847121,0.6033319742044474,0.34325561089470086,0.28293125500144833,0.3034745764276376,0.68151672296185,0.5680308310274295,0.1504531997429657,0.5390088773716242,0.8211736710460459,0.9500210426256562,0.11357607569861333,0.948983011907306,0.8625909667558372,0.9978525763386417,0.28081795555226857,1.0,0.6028667563886356,0.9787175692587579,0.25618976163993334,0.9766614332246604,0.7210381149693288,0.9757483659737528,0.2889813572280518,0.9523623092612189,0.7093852877379652,1.0,0.33994894995129515,1.0
person_50.jpg,facing_forward,0.46474128114780683,0.3891191578349612,0.5301658771092773,0.31016793459642483,0.3915394270602387,0.2932060798549595,0.5888623626714908,0.3235538343389123,0.27220905007863433,0.2877974328127407,0.6789903071137116,0.5716027409824505,0.14478889048922766,0.5477715429010923,0.819674862576436,0.9536572871285592,0.11282713017971388,0.9572584298363931,0.864179151277608,0.9936553687919454,0.28648447462314475,1.0,0.606929371246887,0.9881697911086624,0.2581765778854014,0.9879956397277336,0.7210632601908044,0.9787417009361559,0.2921210468346962,0.955564301994523,0.7196292976848757,1.0,0.3425601294934738,1.0
person_51.jpg,facing_forward,0.43283960463990395,0.2532691865431892,0.49972492978606037,0.20862025580146432,0.36962851763594173,0.19528314687911894,0.5752940297515045,0.28972850796918964,0.2768696081783327,0.2604106558249078,0.6717445789335611,0.5580754179213917,0.15207008355616938,0.5445456010671879,0.8172530780493391,0.9173076567798473,0.12136023994662916,0.9481019383551216,0.8482167214886072,0.9928477645561379,0.2665946801950377,1.0,0.5881153999732812,1.0,0.2538953778989567,1.0,0.7464633130178957,0.9585376621374463,0.2967878701853522,0.9424276612646865,0.7441686800222419,1.0,0.3409454446590675,1.0
person_52.jpg,facing_forward,0.43430384222976426,0.2210798759313985,0.4986992595284711,0.1875137573501281,0.37371364119985123,0.17616033990490026,0.5754332240705701,0.2832036890563326,0.28479689698001487,0.2580129337407792,0.6840404844781035,0.5618166996949253,0.1534665957918823,0.542778088009452,0.8157773747838521,0.9280242199443112,0.1228135875884924,0.9409473848850244,0.8571981492862041,0.9911074400068042,0.2719472109898668,1.0,0.591012517143375,1.0,0.25426368996908255,1.0,0.7398215976835314,0.9569319365156626,0.28321359609554775,0.9371432048167211,0.7363526962715229,1.0,0.3348771123984283,1.0
person_53.jpg,facing_forward,0.4176683566582628,0.18329215585810738,0.48190508127831316,0.157160254948667,0.3571320115433516,0.15247746455673467,0.5648887212754529,0.2776948950606322,0.27523349695109806,0.2668902091121297,0.6808757986602143,0.559479479698729,0.14997587456643324,0.5438174158721674,0.8075916860563429,0.930604912530205,0.11782059086937344,0.9358010232405742,0.8726506739742895,0.9946544520795871,0.2581747454857602,1.0,0.579193260555591,1.0,0.2412267581815263,1.0,0.7292630607946651,0.9443648514258582,0.2663486798689933,0.9253918651782203,0.7432423155173258,1.0,0.32549784499791773,1.0
person_54.jpg,facing_forward,0.4183813860260084,0.1559515747903724,0.4820498826900949,0.13749419705375168,0.36253626745493606,0.1325081209178141,0.5645927271094268,0.27320161901398593,0.2862768053036061,0.2610578596232828,0.6824344060394185,0.5504297355087974,0.15878273227186496,0.5415039415137419,0.8097770937090598,0.916917972668973,0.13985671483863854,0.9328666304325935,0.8733319623774859,0.9909125765543141,0.26668464698124195,1.0,0.5830496408099993,1.0,0.24882030068970123,1.0,0.729791396859493,0.9508988329199168,0.2813717772130314,0.9281460883941204,0.7380654044296023,1.0,0.3365159094076863,1.0
person_55.jpg,facing_forward,0.42667333840091115,0.16545496087659356,0.4871336491489323,0.14804867820659184,0.3671888822877779,0.13966277010399647,0.5632478460632444,0.28172975169903197,0.28350166166394697,0.26484017636875634,0.6813673769058546,0.551596726744076,0.15622177052174432,0.5441340220376512,0.8089188288187787,0.9157417149003608,0.13758512622679053,0.9343148427413557,0.8819878741338204,0.9865480188578349,0.2874749323530251,1.0,0.5827633821671419,1.0,0.2480679102986844,1.0,0.7332048711010567,0.9461986638017277,0.2875342126359101,0.924305636932946,0.7410906404605443,1.0,0.3418175049356997,1.0
person_56.jpg,facing_forward,0.4440623080229339,0.2686805318091483,0.5089346520713223,0.22522135896735446,0.3795951373730916,0.21065980732457004,0.5803987356145401,0.3034526586318376,0.28286401939943184,0.27254989611013153,0.6797053572804335,0.5567774846489427,0.15290774002769247,0.5418239660522423,0.8212282904393706,0.9137247972348675,0.11684031844600658,0.9332026033915919,0.8537719322369596,0.9853536617437578,0.2529547198572479,1.0,0.5923650690338883,1.0,0.2540893939166387,1.0,0.7394094649728182,0.9577199755733046,0.27205443262753715,0.9355531952422707,0.7187263121958558,1.0,0.3277945765668173,1.0
person_57.jpg,facing_forward,0.440785341483861,0.30085383049321507,0.507030882443889,0.24833467471717638,0.37454536977045316,0.23210150078828048,0.5766896592365793,0.31020832781672786,0.2735991482938192,0.27581981425504437,0.6786414535215609,0.5618933855730412,0.154278233732862,0.5435325099502589,0.8159993446421419,0.9309171831906824,0.12197181119347336,0.9407123193778492,0.8645809190487338,0.9912244598139902,0.2705391063107659,1.0,0.6039269664540315,1.0,0.2651496297908068,1.0,0.7353953792737896,0.9700398672348262,0.2718485268533206,0.9501166889367787,0.7374868256557059,1.0,0.32818113262286586,1.0
person_58.jpg,facing_forward,0.47631229018386034,0.2799729768689465,0.5439532475613988,0.22445422245821045,0.4124490872192002,0.21286225073669987,0.6210951296194107,0.2831781009191961,0.3218648295626929,0.2570175750168652,0.71937837052096,0.547699468974604,0.22862104764611402,0.518882552178262,0.8867428804659067,0.8882185319100062,0.10309500943878656,0.889305368381044,0.8629631153633521,0.8010785270462056,0.15859532400101137,0.6790215023543803,0.6289716960551383,1.0,0.3032574388638669,0.9979755337347093,0.6566685943775306,0.9329748959442229,0.16954705535392842,0.8705186792240527,0.5975808753846595,0.9393054202339292,0.26638419313781436,0.9390389612207829
person_59.jpg,facing_forward,0.40746967992727334,0.2924082357110557,0.4827599608658508,0.23839420522897425,0.3380590902908611,0.22727489983466892,0.5707063302041431,0.284270008369254,0.23845020642712422,0.25973492254609204,0.6365631718727828,0.49794319144725496,0.21852152338332673,0.44837419009454615,0.923257599299055,0.7495793365825731,0.06501477584903363,0.48285297336738414,0.6433213325317159,0.4019971120042228,0.19667929707612683,0.2810038801126377,0.5294362295143862,0.984321162866595,0.24601465342913867,0.9539203287450781,0.5418576017744956,0.9397712360445869,0.20957984389539205,0.891082522409028,0.44657366614579563,0.9395758773778772,0.23765432109466061,0.9058176259031507
person_60.jpg,facing_forward,0.5088621077208011,0.28062393000003955,0.5677729412696441,0.22475693288518755,0.44647897244992013,0.21777112588399206,0.637065335148494,0.27538824322929356,0.3589154252496753,0.2608004202610861,0.7415325345775716,0.5490018352608698,0.22060025916210094,0.5497615615501428,0.9085682263560875,0.8510234038825663,0.10574252244021749,0.9049771131498362,0.6167232246601609,0.8283904125451558,0.406319544092902,0.81198592630655,0.6358693659862066,1.0,0.3091765453919655,1.0,0.6646704653920256,0.9196704926468984,0.3587821157881817,0.9126358151101316,0.5077948187848358,0.9471821797866616,0.41612382628557304,0.9257395624083757
person_61.jpg,facing_forward,0.5304286019117793,0.35004069010416666,0.5965474257072321,0.2835903803507487,0.46668199517102643,0.273221492767334,0.6723415113084455,0.35004634857177735,0.37960738727640325,0.3269052505493164,0.7586870349985703,0.617886734008789,0.26575960251279,0.5883609771728515,0.8802305497934719,0.9682636896769206,0.1048675000491956,0.9509045918782552,0.7850517510168646,1.0,0.3064603544523332,1.0,0.6589912011893131,1.0,0.3403799746777359,1.0,0.7100073073321883,0.9724426905314127,0.2905592665096292,0.9694896062215169,0.6965467331212114,1.0,0.3389505540853066,0.9956984202067057
person_62.jpg,facing_forward,0.5299870598478574,0.3555269241333008,0.5998802701227907,0.290074094136556,0.46704802721540667,0.2766090393066406,0.6777715146764316,0.3506937026977539,0.37883299494119915,0.3195959091186523,0.7674784384657217,0.6053415934244791,0.25594309841625096,0.5791974385579427,0.8942176032234506,0.969433339436849,0.10034486682676816,0.9544136683146159,0.7852973465070823,0.983392079671224,0.3191087452899785,1.0,0.6691840640849147,1.0,0.33767310858186456,0.9989556630452474,0.7348245785332894,0.9767920176188151,0.30591041333698965,0.9700761159261068,0.6989756136069647,1.0,0.35439504096252944,1.0
person_63.jpg,facing_forward,0.5315114160618426,0.3463915189107259,0.5999232283145493,0.2821555773417155,0.4697948814266816,0.2674322764078776,0.6751842469443498,0.3456468900044759,0.382064273078234,0.3118368784586589,0.7621036688659134,0.6076525370279948,0.2591082072706289,0.5795424143473308,0.9003423498029928,0.9667007446289062,0.10120600576065347,0.9549086252848308,0.807323245747718,0.9758678436279297,0.30695225250029384,1.0,0.6617803164562199,1.0,0.33606258394246463,0.9999474843343099,0.723943448523355,0.9792813618977865,0.30028352702702243,0.974047597249349,0.6808988804799857,1.0,0.33856471973234076,0.9953926086425782
person_64.jpg,facing_forward,0.5520237854158696,0.3417258580525716,0.6191569486928389,0.2811534563700358,0.49153945728667353,0.2625846862792969,0.6884631912330533,0.34504884084065757,0.3994167483890096,0.3028447151184082,0.7642489553125219,0.6161289215087891,0.25976910080330734,0.573406473795573,0.8829055254309848,0.9777748107910156,0.08953970943868238,0.9513960520426432,0.8021580009425682,0.9877202987670899,0.3158604537212164,1.0,0.6563210837179305,1.0,0.3274361821045503,1.0,0.7144079473140846,0.9871878941853841,0.28288701812007744,0.9742638905843098,0.6940168854100738,1.0,0.3447771456531141,1.0
person_65.jpg,facing_forward,0.516152428105038,0.35458552042643227,0.5864100131116253,0.2918219248453776,0.45977463451034734,0.2719230651855469,0.6610523255853227,0.36026601791381835,0.37683290862595437,0.3136185646057129,0.7471850423442676,0.6056851069132487,0.2521947843066702,0.578611691792806,0.8967803450363727,0.95264097849528,0.09659460263984326,0.937101173400879,0.8225679376064067,0.9775035222371419,0.2528942454983532,0.997830581665039,0.6557770523814274,1.0,0.33288236555067363,0.9965657552083333,0.7511698123233966,0.9809055964152018,0.34071967466596653,0.9680882771809896,0.7024818980535665,1.0,0.3676502393440179,0.9983951568603515
person_66.jpg,facing_forward,0.5783054278600159,0.35872225633602045,0.6397759479820476,0.2943655728860505,0.5137710520421211,0.27753668932571113,0.7025348380950053,0.3543083178236214,0.4152811888994774,0.317723636081369,0.7638122869147836,0.6220689086157746,0.27473189518377245,0.5712461249281275,0.8724906661272503,0.9683017771418246,0.08341366807509921,0.9224374533005807,0.8661674832985509,0.9895613062651697,0.22159026116870598,0.9962446405709391,0.6385653311926365,1.0,0.3228452469601875,0.9946467396961836,0.7289148304380173,0.9744705342889081,0.2927989930151056,0.9506255890841786,0.7427690778475882,1.0,0.33700676743102026,0.996183145773129
person_67.jpg,facing_forward,0.4730975699732417,0.3726886987950621,0.5460693024313952,0.301260268924795,0.41618029830390185,0.2859647069210202,0.6297373947244033,0.346151252089138,0.3383620824825854,0.3083523582366873,0.7314338919713157,0.6024890205780933,0.23043240894740652,0.5798614096710204,0.9000334692439315,0.9519029175979339,0.09620372107290878,0.941884324964933,0.7963408480433606,0.9856636690310587,0.2615935579402788,0.9849667090029501,0.6433385656347839,1.0,0.31894558767602,0.9921080240735696,0.7393491686000334,0.9768429884331613,0.3236160581669231,0.9634366407268228,0.6768382568852849,1.0,0.3348926275865254,0.9958583875930119
person_68.jpg,facing_forward,0.4585877452138455,0.3639011648449023,0.5317345892299382,0.29330130693895157,0.4017310848267225,0.2755171494312414,0.6150571503971177,0.31111713862250856,0.32125850072491147,0.2692724295227282,0.7202812461726972,0.5538656005449233,0.2180667890069385,0.5425966043244108,0.8402889081317225,0.9188543304015495,0.14456629045501782,0.9610919394894505,0.8674129344408545,1.0,0.26612975340214723,1.0,0.6487017864451188,0.9877436872156653,0.32356084845674205,0.9854940559617045,0.7653180884970823,0.9819269192001334,0.315521370870868,0.9603232830812231,0.7645209633630821,1.0,0.3418308667726084,1.0
person_69.jpg,facing_forward,0.4810146363415633,0.40573352177937827,0.5569844982056308,0.32242870330810547,0.4120484366377352,0.30793902079264324,0.6422666872031171,0.3377158482869466,0.3204073359580782,0.30542659759521484,0.7579621564496681,0.5689613342285156,0.2255318691976281,0.5556844075520834,0.8922228432965398,0.9111757278442383,0.11051882903024146,0.9391773223876954,0.7643213802992049,0.994384765625,0.29169402553491597,1.0,0.661727388110007,0.9949295679728191,0.31473728400281475,0.9875673294067383,0.7500278609374299,0.9816125233968099,0.3169189280747034,0.9644301096598308,0.6436358532710988,1.0,0.3222844295475403,1.0
person_70.jpg,facing_forward,0.49242077947757756,0.36414127349853515,0.5672186353985422,0.29469073613484703,0.43049862714738985,0.27682402928670247,0.6479033711938356,0.34294948577880857,0.34260908517789107,0.30083147684733075,0.7412732773125655,0.5809228261311848,0.2201534396991503,0.5569147109985352,0.878427935765511,0.9179681142171224,0.10862159983253579,0.9475405375162761,0.8444600408041456,0.9846635182698568,0.3037205251687611,1.0,0.6484797312760786,0.9943872451782226,0.30692880146518986,0.9894097646077474,0.7608195981957317,0.981367556254069,0.3147061533945375,0.9666785558064779,0.7160744288121453,1.0,0.3486388955173418,1.0
person_71.jpg,facing_forward,0.5099913033189949,0.35545736948649087,0.5802775543197072,0.28902896245320636,0.4498497658660483,0.2709887186686198,0.6544571278113894,0.3297501881917318,0.36050688533715824,0.28836275736490885,0.7455447390535044,0.5677820841471354,0.22829836234732317,0.5526130676269532,0.8689848764547605,0.9124434153238933,0.10409456810201907,0.9466415405273437,0.85800140717972,1.0,0.28150125395132863,1.0,0.6549928210559085,1.0,0.31722995678086546,1.0,0.7488963070503001,0.9790274302164713,0.28159144534619673,0.9613892873128255,0.709865677858643,1.0,0.34048306220151375,1.0
person_72.jpg,facing_forward,0.5248278396816518,0.38851636250813804,0.6029695714012748,0.31726029713948567,0.46101200686315236,0.2969621340433756,0.685845156244615,0.36014000574747723,0.3680912859179576,0.31272767384847006,0.771415961761393,0.5977736155192057,0.24744869533003377,0.5589212417602539,0.8972159027457846,0.955029551188151,0.0925093409919664,0.9268228530883789,0.8042984699174451,0.9910142262776692,0.2955727820403545,1.0,0.6705751415686534,0.9874750773111979,0.3297191753354214,0.9745599110921224,0.7279353658523219,0.9811061223347982,0.3074404482458323,0.9656236648559571,0.6864133915500512,1.0,0.35609398266090736,1.0
person_73.jpg,facing_forward,0.5022487290276267,0.343112707792202,0.5753909357457595,0.27544468464295874,0.4413650783602472,0.25772493835067567,0.6529603103499523,0.31880448651930954,0.35255780794574415,0.27715885367605,0.7359218744242945,0.5655661693831348,0.21379215524619363,0.5462753031641112,0.8449673351630621,0.911691570331437,0.12758463196017955,0.9530069036798013,0.8611194843854438,1.0,0.29757689324128805,1.0,0.6457726614392707,0.9941318021092037,0.30434190473623446,0.9907095146508144,0.733554511417176,0.9869037460395588,0.29072149984013157,0.9641462636987352,0.7256593242598637,1.0,0.3202337886883397,1.0
person_74.jpg,facing_forward,0.5077476020892774,0.3997764652395753,0.5863705823300078,0.32150627545304905,0.4440328005393708,0.30461702519222644,0.6732118590612685,0.3645341839538464,0.3579260749734544,0.3241534246153708,0.7678986056319451,0.5924044350425043,0.24115328635922678,0.560092184042337,0.901248181874241,0.9642294366936862,0.09149150330535957,0.9429935062061996,0.7487531515889391,0.9930067477231324,0.32667820564850175,1.0,0.6696886200562757,0.984660488147079,0.32332602402430016,0.9750100834311752,0.7257264146264378,0.9768427350241008,0.3253486040812662,0.9692950703724105,0.6665462326165577,1.0,0.36983197036501775,1.0
person_75.jpg,facing_forward,0.4952358221416178,0.3146805952984267,0.5726589814594706,0.2571468606111691,0.4445348887858199,0.23486456186522045,0.6575727844184291,0.30533694761909075,0.36654477224823284,0.25026904965297475,0.7378820797960512,0.5577409829620807,0.2244541927051632,0.5251555844911578,0.8466977568114382,0.9115314866222658,0.15534931194245535,0.9428355110081074,0.8483243498577593,1.0,0.27094276868004924,1.0,0.6360540850490756,1.0,0.2989958783353365,0.9922276954106641,0.7343057849307791,0.9835323881953117,0.2783148092393653,0.9633515914205656,0.6983785036289222,1.0,0.2922572816991166,1.0
person_76.jpg,facing_forward,0.5115436183129424,0.34350592295328775,0.5865159784490506,0.2885150909423828,0.4586038672639855,0.26142292022705077,0.6611681658550763,0.34445482889811196,0.3705138635309712,0.2804360071818034,0.7442320422937337,0.5831563949584961,0.22683960865490582,0.5492272694905599,0.8623470384372599,0.9334027608235677,0.1144371808833741,0.9374547322591146,0.8821328363044455,1.0,0.28650971565610855,1.0,0.6566379470266362,1.0,0.32127701544943027,1.0,0.7469086327318282,0.9894205729166666,0.3207130900684313,0.9725008010864258,0.747204813819527,1.0,0.36554454893291843,1.0
person_77.jpg,facing_forward,0.4959037946322315,0.3446529296246693,0.571449357959172,0.2795077560659027,0.4384244591091626,0.25899931276978755,0.6512974374499472,0.32306887290676456,0.3528399422718623,0.2742051096687887,0.7327664631405489,0.5656752215272315,0.21528454739977212,0.5422047548377591,0.8431287842853327,0.9113733668723429,0.11508200595431961,0.9500910529050006,0.8473996278691359,1.0,0.24305305859596643,1.0,0.6464792540524126,1.0,0.30751867537618716,0.9969818332630639,0.7358309263740459,0.9925782450852588,0.2995800843067634,0.9721905004188127,0.7199901833817297,1.0,0.3184144192148825,1.0
person_78.jpg,facing_forward,0.5064033326219364,0.3553847630818685,0.5813368451891818,0.28988393147786456,0.4490991239478284,0.2697171211242676,0.6609837019956843,0.3408348083496094,0.3649921793980463,0.2925835927327474,0.7417443035078397,0.5742793401082357,0.23186340765373487,0.5511365254720052,0.8604032434591067,0.8986083984375,0.10881566156660552,0.933905283610026,0.8563525992150873,1.0,0.2755218108642293,1.0,0.6582211747853599,1.0,0.32415444778071834,1.0,0.7473285362595609,0.9924756368001302,0.33755003777256165,0.974847157796224,0.7201212833438421,1.0,0.3745237832117096,1.0
person_79.jpg,facing_forward,0.4994195806860755,0.3730845133463542,0.5726015751917655,0.3101528485616048,0.44471062891773977,0.28837064107259114,0.649728585045758,0.35098050435384115,0.361042132445038,0.29939034779866536,0.7373130472137789,0.5737002054850261,0.228796153995049,0.5543413798014323,0.85518850658029,0.907445780436198,0.11611608313805344,0.9470478693644205,0.8695709233386905,1.0,0.25581510940697216,1.0,0.6555232962816384,1.0,0.3239183669722477,0.999359130859375,0.7463673590127031,0.9875616709391276,0.3266298289688092,0.9691238403320312,0.7400652753553796,1.0,0.3592810953736344,1.0
person_80.jpg,facing_forward,0.5107233745503756,0.3153696060180664,0.5824682780108732,0.2587802569071452,0.4534742041921602,0.2396156628926595,0.6588733086128286,0.32265987396240237,0.36754091519028415,0.2774404525756836,0.7365201927650021,0.5674640655517578,0.22683420698490894,0.5485528945922852,0.8560131128505827,0.8964253743489583,0.11406279050167774,0.9362805684407552,0.8629908705069099,1.0,0.2541983949076139,1.0,0.650044326415452,1.0,0.31857004248233006,1.0,0.7568284248576657,0.9832660675048828,0.3333657419639352,0.9700226465861003,0.7356574415408906,1.0,0.3574997251719891,1.0
person_81.jpg,facing_forward,0.49320862911795194,0.3685542956949901,0.5684356366079808,0.3026309665432946,0.44088827536442554,0.27970884101658944,0.6479161858066529,0.34662508130668024,0.3616553045992922,0.2917050972532807,0.734256400278081,0.571935191184353,0.2285346944218115,0.556159247279763,0.8528106551988978,0.8982011115568982,0.11786355916472566,0.9431443923982784,0.8513079983277639,1.0,0.24282685055414605,1.0,0.6529415472726682,0.9948469209009193,0.3190313722136835,0.9922616386975925,0.752462128461839,0.9804609635739714,0.3276831568125142,0.9614567232279276,0.7333189673743904,1.0,0.35589471931426064,1.0
person_82.jpg,facing_forward,0.490914302436389,0.3615633926050651,0.5665631682811715,0.2976586563774128,0.4388695515153334,0.2741086984721272,0.6457530295413105,0.34699242167966815,0.35940260071583463,0.29038822518001534,0.7315964013176159,0.5741603312637825,0.22712824245334695,0.5518296575703083,0.8513234537146116,0.9083057576921414,0.10838084804646173,0.9354419690661078,0.8580937788416084,1.0,0.25024216821363987,1.0,0.6505011292779375,1.0,0.31764542923816885,0.9968216583028326,0.7466481980325802,0.9884898298661363,0.3306439660541303,0.9716113119053009,0.7354556054955692,1.0,0.36920734443352266,1.0
person_83.jpg,facing_forward,0.47981122365047096,0.3760518408697675,0.5587401427443807,0.3073382869183935,0.42601177512854993,0.2842918996935369,0.6443066604485778,0.34773126535375876,0.34702182217171285,0.2917661770466918,0.7348004400958069,0.576834914447428,0.22559848351074507,0.5513778340692256,0.8560245584326793,0.9162543000726371,0.10155941217930432,0.9433251829188669,0.8590953284343245,1.0,0.2467527238096963,1.0,0.65045393558241,0.995233576068948,0.3155549417959712,0.9892046115346005,0.7449607369944595,0.9871912160176941,0.3225988593127201,0.9708751693504288,0.7322394930144601,1.0,0.35823502866810647,1.0
person_84.jpg,facing_forward,0.48600612797787496,0.3736490885416667,0.5625798706264996,0.30678819020589193,0.43350635215238503,0.28383652369181317,0.6445636914514365,0.3482164700826009,0.35464082732933555,0.2926323890686035,0.7300202175037022,0.5737494786580404,0.2261722041529448,0.5542837778727213,0.8528819820887724,0.894667371114095,0.11527603595235918,0.9432796478271485,0.8583390301624323,1.0,0.26281888786469254,1.0,0.6492605609047714,0.9952362696329753,0.3167675436926795,0.9923463185628255,0.7429371798371521,0.9817190170288086,0.3238129982244657,0.9655705134073893,0.7272370856988931,1.0,0.35584899412551524,1.0
person_85.jpg,facing_forward,0.480257616920493,0.35862629242448674,0.5568973728459378,0.29887071573069546,0.4322248776585411,0.27423410203788917,0.640091244775672,0.3480628460736787,0.3576497744679018,0.28766889254196615,0.7278243169091058,0.5744558308932665,0.22600357913938185,0.5509140272759567,0.850381222501445,0.9055561015029667,0.10753035182911326,0.9409796077510963,0.8760556799278892,1.0,0.24295445428743773,1.0,0.6409761302313325,1.0,0.31082839053800726,0.9955362915626319,0.7476741533651866,0.9822015843499882,0.32575100070831636,0.9645013756284623,0.7412347502899921,1.0,0.35862447438739875,1.0
person_86.jpg,facing_forward,0.4803171259007374,0.3593265731674158,0.5532687328202219,0.29943411070196674,0.4296964291860403,0.27694396632745016,0.6315715168292498,0.349230868233613,0.35220464394431567,0.29511973895024074,0.7238504911318893,0.5774001395392255,0.2230463581827802,0.5496038291639016,0.8443940475555696,0.9168942297249073,0.09820818789539014,0.9284331138842038,0.8750475777423133,1.0,0.22723418033752124,1.0,0.6393905245883377,1.0,0.31070000018427735,0.9954267583125165,0.7462750855745475,0.9860533265708782,0.318177797584623,0.9694274033571316,0.751851378278822,1.0,0.3594764073545218,1.0
person_87.jpg,facing_forward,0.47084227468940243,0.376078300868797,0.5467738328542529,0.3114699428352619,0.41883351299728966,0.2912076988889108,0.633823590339481,0.345423100996572,0.3436180049441613,0.29554641520900193,0.7318536648049644,0.5814159584217901,0.2221475418008083,0.5520625203280537,0.8576985699622991,0.9334322299331257,0.0986530404679557,0.9389460698053149,0.8735072342528356,1.0,0.23473340933598738,1.0,0.6427768625375606,0.998523128782902,0.31219069302021313,0.9906715587466941,0.7349264626517149,0.9852591316347207,0.31238410712706177,0.9705256712544446,0.7357535762968892,1.0,0.3473193610557614,1.0
person_88.jpg,facing_forward,0.48046712874761227,0.39455196168039586,0.561390034684252,0.32441214446330724,0.4305690181597356,0.2964909417041959,0.6473787505202998,0.35716999819951584,0.3535942145185547,0.28924303720401756,0.7382724645077919,0.5810252922792358,0.22420404480519893,0.5474041490647995,0.8551520258622706,0.9383325885470603,0.10403063074061066,0.9430322600128519,0.8739948216458608,1.0,0.2579490290316171,1.0,0.6543199180039965,0.9907703205282338,0.3147375512699871,0.9811809902000398,0.7247480885766937,0.9867068711089059,0.31396611057300666,0.9664502135542437,0.7357630337561967,1.0,0.36062340275020466,1.0
person_89.jpg,facing_forward,0.48895924580432054,0.3920955768143211,0.5693273304412181,0.32629335362534817,0.43982764705332716,0.2956520254378534,0.6502154950900566,0.3646773823377182,0.3602656475023102,0.2912678475369488,0.7358373881166119,0.5801785035092691,0.22982053016895324,0.5508189503015853,0.8532834101244479,0.924278996804402,0.10574778557202333,0.9401470988775947,0.8787592447022277,1.0,0.23985805044087308,1.0,0.6550636254973493,0.9888782681971061,0.3211798047714391,0.9808827547910919,0.732919657191623,0.9870854620733301,0.3239172476812326,0.9644571352914254,0.7345482389634386,1.0,0.36698218466907384,1.0
person_90.jpg,facing_forward,0.490679871353543,0.3561910310544503,0.5679882556141373,0.29445622758230994,0.44131596534268586,0.2692307423275112,0.648948208953971,0.34915946102032436,0.36459238658870335,0.28761946403955474,0.7308515704414753,0.5725430504222916,0.22837291340776858,0.5511114112536406,0.854371120932288,0.8969440276151476,0.10703138702178087,0.9380795787219804,0.857271249588902,1.0,0.2726017275840563,1.0,0.647001227237179,1.0,0.31492574156047776,0.9985317180069366,0.7460635637819338,0.9833783356359098,0.33305886469522644,0.9687863215383679,0.733806666513913,1.0,0.3739747867450976,1.0
person_91.jpg,facing_forward,0.48390765965515525,0.39718068695282244,0.5650555680759093,0.32520614793237584,0.4321631338174141,0.2993862317492739,0.650585013778421,0.3647222916666401,0.35503636844503744,0.3015032630660646,0.7346476885430805,0.5836867986919434,0.2269935100844701,0.5497672553159401,0.8579691604991844,0.9248311735729831,0.10042279138410641,0.9334596123943348,0.8657490690365507,1.0,0.24633797648835531,1.0,0.6514768215460085,0.9855671268866164,0.3137494539049597,0.9763763476378069,0.7268884750807003,0.9843231192032945,0.3166513833038014,0.9642690728190696,0.7309657647673007,1.0,0.3589663931777516,1.0
person_92.jpg,facing_forward,0.4718327558412587,0.39233938075668306,0.5525500259754912,0.31798388286928975,0.4193464884326901,0.2939100988972338,0.6413918226261766,0.3494246424783794,0.3439129331653661,0.29045326881521266,0.7321167975679244,0.5780708951524933,0.2262778393984442,0.5459938640547003,0.855403816407356,0.9268072395232035,0.09966432040717524,0.9270804112301566,0.8544327979326688,1.0,0.23159692921532266,1.0,0.6525301514681262,0.9901028625058538,0.3175004538390963,0.981005937873442,0.730799498966418,0.9862139046955429,0.31985569649631435,0.9686241777924697,0.7250845323867825,1.0,0.3614373368016719,1.0
person_93.jpg,facing_forward,0.4706868160181909,0.38495169546353236,0.5481856431901836,0.31101415231797114,0.41699354123826826,0.28991891408305553,0.6346078244734962,0.34155521566946034,0.341639356800797,0.2900159019250779,0.7311434450729859,0.5772238113377959,0.22293358889218534,0.5474125161375398,0.8523029219021016,0.919418853441742,0.09977489278590215,0.9309947126641126,0.8709773743107794,1.0,0.235775379114173,1.0,0.647941625214317,0.9907504461376967,0.31309715465491555,0.9826818356246737,0.728839519006428,0.9879709569556352,0.3253171445988399,0.9695154012994713,0.7258609988658353,1.0,0.36167965325900675,1.0
person_94.jpg,facing_forward,0.5446270687090133,0.33909887645679176,0.6133748974153342,0.2790253550384424,0.4892596307344413,0.2544442967342552,0.6791175198461147,0.3329580431864212,0.40009507663025484,0.27606616736372064,0.740995986558881,0.5714194811036692,0.24031318543836513,0.542034759926842,0.8452439802156096,0.8951787713041396,0.11407330317643476,0.9177132039838395,0.8625166572747054,1.0,0.24717883491588133,1.0,0.6485949635947055,1.0,0.3210876042107779,1.0,0.7834005862153374,0.9814779073908122,0.36335378436680627,0.9637961051054699,0.7690814420378151,1.0,0.40461197114379,1.0
person_95.jpg,facing_forward,0.6672852984953848,0.33867118097576926,0.7343121416254842,0.29269163438981566,0.6174421614012813,0.2543244137464727,0.7829768471942802,0.35603776282752686,0.5122159384868753,0.2674400724427207,0.7729539985388245,0.5871717293049035,0.3068650344659413,0.5194313669990509,0.8554497528568056,0.9090324532500771,0.12792859198205875,0.9129642079871101,0.8680018002994228,1.0,0.2164758451385524,1.0,0.6259479370001328,1.0,0.30610185488245595,0.9957113327266124,0.7364045917283188,0.9946421542549477,0.25693892537271673,0.9758214169219809,0.6823512286730004,1.0,0.2787843794116562,1.0
person_96.jpg,facing_forward,0.6310739847619468,0.3350477409717512,0.6997483070342032,0.2822809133295471,0.5798103718602352,0.2486468130242058,0.7550906333024772,0.33730886183586145,0.4813715990204264,0.25865647903699196,0.7676482405992623,0.58095122877793,0.2901018531972919,0.5172980614901317,0.8579701784427267,0.910712971784,0.13098892964732134,0.9266019518652039,0.8728968066099559,1.0,0.23923363163924435,1.0,0.6305145931225862,1.0,0.3077612852590049,0.9993858867185089,0.7361425799575547,0.9958629413685292,0.27235013694115434,0.9748301257419998,0.6928826170454563,1.0,0.29782054435515337,1.0
person_97.jpg,facing_forward,0.4916859558928057,0.31710108648170376,0.5627844644302181,0.25652103779698965,0.4355092416213085,0.23418518326444657,0.634714878544982,0.30667412007517464,0.3484316789321123,0.25549347916900644,0.7279174112146073,0.5517911883276314,0.21217285029227945,0.5373528712750324,0.8521059440814098,0.9041632716433334,0.13278228381230847,0.9341607168253061,0.8362593344612634,0.9960375186003797,0.2680821619093437,1.0,0.6548119397814312,0.9995990558308869,0.3179261780619908,1.0,0.7863175054773789,0.9721454840012077,0.3372151042251264,0.9562356172176282,0.7546221760617929,1.0,0.35891745028388217,1.0
person_98.jpg,facing_forward,0.4373237456929831,0.32150075794246064,0.5084093733376073,0.2559040919459228,0.3778355258672497,0.24493263420668074,0.5935021457128489,0.2974648478767221,0.29972812819545097,0.2718850069152449,0.7177739785946211,0.5485977458940374,0.21032105667251078,0.5397867205625309,0.8416222103474054,0.9061069217082599,0.1190491355194412,0.9179697315095121,0.8632525957416587,0.9918599108673435,0.26149777877949165,1.0,0.6528096526464424,0.9963828341808529,0.32028899024396806,0.9935293474989301,0.7710607764626386,0.9829462627655396,0.29989415026681376,0.9671546581240328,0.7628972295260349,1.0,0.3508741101548703,1.0
person_99.jpg,facing_forward,0.4458860477527424,0.3522235412262022,0.5192204704463754,0.28239824234754674,0.3880007066187802,0.26888214731299137,0.6066948847722848,0.3131434604802194,0.31141835763640846,0.2803368366588801,0.7168119356902607,0.5541844286163967,0.2131689356960192,0.535352237782646,0.8400330746133581,0.9008618129869005,0.11582863838239035,0.9247536903437439,0.8564379986292389,0.9958505536630716,0.2713642120126307,1.0,0.6442091470228359,0.9863569747273739,0.3132360186601351,0.9821083800719527,0.7629238884515692,0.9730718646893076,0.30067644568772145,0.9590277220227786,0.7491650697259734,1.0,0.3473280838055322,1.0
person_100.jpg,facing_forward,0.46304334316411994,0.35971261111862923,0.5352076445779538,0.29020018492056393,0.4049698289974917,0.2731690991009588,0.6155248721786473,0.3163579008050008,0.3233121969875683,0.2763638273867457,0.7187682278953388,0.5558490812715174,0.21686348336335953,0.5345097553497881,0.8364662099303208,0.9066412375406074,0.11563772165259861,0.9254746680999539,0.8507846748559315,0.9948119791622864,0.2824417658067331,1.0,0.6411716928997894,0.9863306341964914,0.31193873232012026,0.9808709411962291,0.7580378042645971,0.9793967501790972,0.3026108421446099,0.9620773949646865,0.7261582916382868,1.0,0.3518657109810577,1.0
person_101.jpg,facing_forward,0.4539244794853481,0.3584633033397811,0.5262015109631456,0.28571706653043005,0.3968776184433079,0.27300723028582036,0.6146382879624246,0.3057880644531103,0.32275953904573124,0.2745384268467036,0.718490600008305,0.5568691920652274,0.22062373020501963,0.5388122104753954,0.837776243571178,0.9010640959097025,0.11721036718399355,0.9239549460815679,0.8455806379783894,1.0,0.25171095327496945,1.0,0.6437695199301204,0.9905847755058504,0.3187933723987263,0.9862317833103589,0.7527384089478452,0.9825013753434217,0.31558156816503774,0.9663955527185668,0.7293761077309029,1.0,0.3507949120686183,1.0
person_102.jpg,facing_forward,0.45059715657681115,0.36673870299186934,0.523995826669963,0.29871707119451374,0.39500550554796854,0.2814851266737836,0.6099845491912577,0.3188090379378427,0.31675425976759625,0.27742084935491634,0.7146401962474696,0.5624780886678892,0.21525719469144147,0.5392236898664159,0.8366616278967226,0.9054760903161693,0.10756025313661148,0.9213945974285351,0.8402765272079893,1.0,0.2625582902361897,1.0,0.6384791125196556,0.9919503930626954,0.31311056314107855,0.98588703125679,0.7531360945306084,0.9695347259648218,0.29567635831644873,0.9580565968991586,0.7537773593500504,1.0,0.347204455768753,1.0
person_103.jpg,facing_forward,0.462061226652511,0.36056956785174,0.532839975363699,0.2921405433523278,0.40516038873632987,0.2760706451457274,0.6131006374424136,0.31696403277788127,0.32486712657993405,0.2791068698451561,0.7158977666425067,0.5585255166706042,0.2177115523251603,0.5400626727814554,0.8366907463661699,0.9024996521825696,0.11594292063640213,0.9231588922433877,0.8490671698927679,1.0,0.2603426404884093,1.0,0.6385608423787156,0.9899083552852922,0.313463266973794,0.9859030535470591,0.7543177936996598,0.9745470295371724,0.29996482959000587,0.961103527356295,0.7480244292160864,1.0,0.342970621162427,1.0
person_104.jpg,facing_forward,0.46834248101215586,0.3514215381957959,0.5377364363747422,0.2821979058967503,0.4124432551793101,0.26602122484397533,0.6145536455263213,0.31307224460676986,0.33345447687919866,0.27490020580790636,0.7197666033562066,0.5611172669413192,0.21589746161819745,0.5388557085500691,0.8358234916554643,0.9087158212097235,0.11488764233585165,0.920944682047389,0.8521992272667239,1.0,0.2620845527095729,1.0,0.6423889716982096,0.9898435489224177,0.31132492701590414,0.9845801070955226,0.7538026358068659,0.9780494495643245,0.3108100619042108,0.958849692205305,0.7485162839855594,1.0,0.356388057283251,1.0
person_105.jpg,facing_forward,0.47256835503615136,0.35906459373141025,0.5436523188114787,0.2909435198983984,0.41480899036163127,0.2741779319335586,0.6222978544598854,0.3211554344022109,0.3328074500629616,0.28196007202176426,0.7222627241970911,0.5605537681359696,0.21822987158916168,0.5465174115564975,0.8448237191311629,0.8981278508004461,0.11629530271310616,0.930429908973802,0.8487050564207194,1.0,0.2546966383727946,1.0,0.6487458887742352,0.9875255251225948,0.32022164491612726,0.9857527591278973,0.7618497337576374,0.9707861543439839,0.322648276078102,0.9556254213305703,0.7369044940183722,1.0,0.3593856474460935,1.0
person_106.jpg,facing_forward,0.46509130960904677,0.3568769808766927,0.5354893164324905,0.2892725267173501,0.4064367787195963,0.272293187778033,0.6122227824895562,0.3207497140122712,0.3220699958954912,0.2815938565287568,0.7137041645052327,0.5593998965233397,0.2133489480322772,0.5447727023422901,0.8343141771861827,0.9030193602767599,0.11942374194870863,0.9300310748488396,0.8461851031952804,1.0,0.27248965049793156,1.0,0.642715258281898,0.9864698087541867,0.3164857910993557,0.9851392125454176,0.7647084275863603,0.9668876597903483,0.31044094704410097,0.9521696273196729,0.7554810179762016,1.0,0.354791760234803,1.0
person_107.jpg,facing_forward,0.46702250581212007,0.3565060649267088,0.5368949327270933,0.2885967466398438,0.40842102204943737,0.2701490385300627,0.6103822229324075,0.32147057610822544,0.3222634008634804,0.27938148259193724,0.7121796373333914,0.558055594016163,0.2093093791063892,0.5426969160475075,0.8408132186464796,0.9106970148007729,0.11736433292114341,0.9376483844169383,0.8414499037920868,1.0,0.2706431797093607,1.0,0.6407482730089441,0.9885295409703883,0.3114709551366673,0.9870149636649067,0.758958775559861,0.9680219491858455,0.30644701967314125,0.9549338963966257,0.7500206700235027,1.0,0.3535415346418094,1.0
person_108.jpg,facing_forward,0.5352254003273406,0.357728665854289,0.6010761091205232,0.29174647195068687,0.4746995250072151,0.2682169965200185,0.6599927447200659,0.32582342372626694,0.3727729439154279,0.2735228541705662,0.7301860355641797,0.5636222876708317,0.22543631943290496,0.5408408236338239,0.8435533232527246,0.9116818127991504,0.1146568934323747,0.9276612054004016,0.8667165031123482,1.0,0.27900307832199905,1.0,0.6524924161031888,0.9932405847591326,0.32055997162734284,0.9934169394753161,0.7609620571362066,0.9766245325326702,0.31120130171602434,0.9661593762772984,0.7539635006308295,1.0,0.3545721359867147,1.0
person_109.jpg,facing_forward,0.5875203983072329,0.35074986328871943,0.6514994286085998,0.2888121857619095,0.5274485812729076,0.26097238866136296,0.7037038604391543,0.33252105430309925,0.4199961054823045,0.27081100552614823,0.7482610845488185,0.5709565373011176,0.2545638010202524,0.5346042610519135,0.8378179432073887,0.9006587032877595,0.11047698410774405,0.895823897999854,0.8772397481899894,1.0,0.23341509482896677,1.0,0.6461097353209116,1.0,0.321435970701281,1.0,0.7763979773899126,0.991191121604365,0.3371549018719983,0.9704930847834601,0.771351910904172,1.0,0.38723524368031076,1.0
person_110.jpg,facing_forward,0.519479163655219,0.32596844061119223,0.590548345834402,0.26666444324518296,0.46336684799885164,0.24302659812503194,0.6604125731920796,0.3181984735914492,0.3730553104848464,0.26362749984549555,0.7329204264639566,0.5639319070381538,0.22147394969866532,0.543256760437134,0.8416657560607135,0.9035303456616326,0.1143361201277263,0.9258399616434335,0.8528128523965072,1.0,0.2741996337246852,1.0,0.6496165996067705,1.0,0.31446155679590226,1.0,0.7578383218952391,0.9790894210687813,0.31611106604199757,0.9667785187697614,0.740248491696873,1.0,0.3574022911688607,1.0
person_111.jpg,facing_forward,0.4197286786940859,0.3066638271802951,0.49535536524385076,0.24597981046173578,0.36881136705658507,0.2326003240047667,0.589639351341252,0.29509269718642966,0.3013175741063227,0.26061489026398366,0.7127816154553489,0.5540480236416553,0.20384406633872143,0.5455175209244848,0.8453015372712436,0.8984695640005635,0.11496648081336514,0.9288857137959593,0.8409039298022614,1.0,0.24609029782161312,1.0,0.6434696221656461,1.0,0.3114866259911217,1.0,0.7671956955510739,0.9744316232118835,0.3057663013785079,0.9610724643166858,0.7551385651025291,1.0,0.3468826485598626,1.0
person_112.jpg,facing_forward,0.44026096271166354,0.3253167706960125,0.5143195201653367,0.2600867011735061,0.3850685661295361,0.24679852693121118,0.6030807669406586,0.30370381720124573,0.31179073228311704,0.2704944670726924,0.7133053630153585,0.5594877923412349,0.2115005288585232,0.5428839773570846,0.8392559019650129,0.9067813304254555,0.11984327741820322,0.9240848683746117,0.8410369850822046,1.0,0.23310678228689088,1.0,0.6404155036257982,0.9952334359398306,0.31314313362034957,0.9910242038015287,0.7759695428420702,0.9744315380042012,0.3213844995206024,0.9571638048721565,0.7657581873598314,1.0,0.35702268964975603,1.0
person_113.jpg,facing_forward,0.44470379049695297,0.35036628537857756,0.5175371734324611,0.2834388685432419,0.3907381445101824,0.2668881828989749,0.6021262869848971,0.315288303787426,0.3163477427726986,0.2753983653036379,0.7114391431784484,0.5593025154459724,0.21312247042970076,0.5439165793208093,0.8388250070238078,0.8986030908642925,0.11029316420618294,0.9245995251393551,0.8450386104969998,1.0,0.2560225294506642,1.0,0.6401819632142489,0.9929103588681506,0.3141143223870166,0.9895681450008789,0.7640502834407814,0.9729254610019389,0.3084358690700813,0.9588052590810056,0.7541858504559645,1.0,0.35646032070762645,1.0
person_114.jpg,facing_forward,0.45782649600493197,0.3622198266382002,0.529254248914902,0.2941814402021641,0.4015945106140945,0.27514772472997084,0.6070514104257806,0.31963417689482587,0.31974850136822963,0.2752991947735185,0.7093223387489556,0.5568627213480324,0.21280683306604153,0.5402718428281548,0.8376131852069315,0.895164497359793,0.1105032246298189,0.9237095243164882,0.8426088164396854,1.0,0.25227395077889925,1.0,0.6360601340757721,0.9890269643452523,0.3111176168182169,0.9857504684032596,0.7708092135606583,0.9788259414124582,0.31087257660136647,0.963807074594534,0.7418250454687083,1.0,0.34984812842083934,1.0
person_115.jpg,facing_forward,0.46307085314974405,0.3114033956447539,0.5376952101551891,0.2525426321606054,0.4129578625896989,0.2319004655285523,0.6195837208979048,0.30670429387151404,0.33847100412616504,0.2560438244020467,0.71370271183388,0.5606635665395932,0.20746828618795415,0.5449136625627781,0.8402518368898616,0.8956622994984631,0.11691413382264683,0.9353161332897973,0.8408748412722876,1.0,0.2530104928008181,1.0,0.6381349032947068,0.996916877198017,0.3079936514958935,0.9965724610919022,0.7749281230149593,0.9678372165166629,0.3323009761489892,0.9565541499752547,0.75723015684504,1.0,0.36399067306593946,1.0
person_116.jpg,facing_forward,0.4625400371063249,0.29573676026894663,0.5363366174507925,0.2433073067594443,0.4149726822675529,0.22362068994085962,0.6200610839085007,0.3047655486133514,0.3435504937285867,0.25542685165936296,0.7143423408671442,0.5594368465979086,0.21434218992043055,0.5384675634189022,0.8365504908304098,0.8995781186608343,0.12508238671630278,0.9286504449453074,0.8404047038377176,1.0,0.26513434015998905,1.0,0.6309370965194344,1.0,0.30554488865445856,1.0,0.766538808762348,0.9740017648173728,0.31572721054820463,0.9626904147575747,0.7499038771327563,1.0,0.34656785815549396,1.0
person_117.jpg,facing_forward,0.43610241767228675,0.27636514848189914,0.5113991187657629,0.22516254388077947,0.39495090919798814,0.2104897783371197,0.6067662594001962,0.29697211233556,0.3367533582537464,0.25594972752362144,0.7174712266917734,0.5564956614084803,0.21619058251024043,0.5384051309668575,0.8386993710089685,0.8976931584114216,0.12184591696041852,0.9303471287328168,0.8229885725307472,1.0,0.2383518628584319,1.0,0.6367006586265782,1.0,0.3080426281699331,1.0,0.7526344180028699,0.9718191440068098,0.30830755753336997,0.957707978537257,0.7325099572330923,1.0,0.3327723834708195,1.0
person_118.jpg,facing_forward,0.3889812335841443,0.2628748869869225,0.46958076674185467,0.21345676810831818,0.35896455785652726,0.19851284796014343,0.584776883449499,0.2866663943178433,0.31615315316194637,0.24037927781504695,0.7100918409476225,0.5555687197901529,0.21418320778142058,0.5348216665428138,0.8278733786673668,0.9003518143466477,0.1215046000997518,0.9267012443452035,0.845425594630972,1.0,0.28241963734074604,1.0,0.6329745920864229,1.0,0.3051127124483794,0.9966100856675136,0.7470421568445639,0.9641136237591506,0.2982376654762172,0.9479734507059039,0.7657445807545413,1.0,0.3437608890012425,1.0
person_119.jpg,facing_forward,0.43580257196787986,0.27836640766555953,0.5172324603539431,0.22654261659262473,0.3977334642656289,0.21172951038839355,0.6277000715200964,0.2961710672691762,0.3450671800415092,0.2519758279763799,0.7444011413154437,0.5739861106562862,0.2286894224157259,0.5366794593437996,0.8817060110699582,0.9623518856295876,0.11634146524762111,0.9269669655157284,0.8042523770098587,0.9910875598394933,0.2788555719916781,1.0,0.6481394128337865,1.0,0.3136516958780125,1.0,0.7163565583677887,0.966385155704293,0.30122025684607645,0.9566547302966436,0.6792551639137901,1.0,0.3238642583641563,1.0
person_120.jpg,facing_forward,0.4688049220699407,0.30912965138753257,0.5530086033482454,0.25053812662760416,0.4291591672675583,0.23291810353597006,0.6614243856966281,0.3120929718017578,0.3726841657170386,0.26207990646362306,0.7686073326112193,0.5904870986938476,0.24291619237470077,0.5412725448608399,0.8807592096171062,0.9816347122192383,0.1093955541745315,0.914730453491211,0.7563796524204709,1.0,0.27608387591081285,1.0,0.6665479292261371,1.0,0.3229988115814737,0.9905527750651042,0.7114863125133517,0.9747887929280599,0.29239174083580216,0.9624952952067057,0.6903072158993735,1.0,0.34107157512126945,1.0
person_121.jpg,facing_forward,0.5226257382953359,0.30028352737426756,0.602318939155593,0.24560699462890626,0.4791607632364697,0.22698647181193035,0.6994243009733693,0.3141141573588053,0.4150422210866856,0.26346406936645506,0.7847600019538995,0.5969256718953451,0.26827212898886804,0.5369422276814778,0.8843558474319448,0.980741310119629,0.11403784536066365,0.9187341054280599,0.7692277310513886,0.9976909637451172,0.2666908607333497,1.0,0.6712870402691559,1.0,0.3334481823505042,0.9940864562988281,0.7073453457141005,0.979115613301595,0.27833215849176673,0.9679484049479167,0.6816205603385217,1.0,0.3206910824541913,1.0
person_122.jpg,facing_forward,0.5466625116811903,0.3043116569519043,0.6277253286860415,0.25032145182291665,0.5005042082405762,0.2283026377360026,0.7192586086889732,0.3210828463236491,0.4282085904784902,0.2641982396443685,0.7904701316702013,0.5976664225260416,0.27501481562733043,0.5300839106241862,0.8863239146690147,0.9764940897623698,0.11040786210936883,0.8794148763020834,0.7750249813690819,0.9889251708984375,0.18074306050072178,0.9987725575764974,0.6545970864733134,1.0,0.31385096118970807,0.9767898559570313,0.670009543246948,0.9809728622436523,0.21777409663579209,0.9528093973795573,0.625872026112653,1.0,0.23931492689827658,0.9959035237630208
person_123.jpg,facing_forward,0.5344638708434946,0.3231358262852853,0.6139591500013534,0.2626566445398353,0.4837091113339462,0.24347792816259106,0.7059466510047482,0.32105851133486296,0.40956154159098024,0.27167714438523033,0.7828900832838616,0.5950193970795485,0.27340316660349256,0.5310762942458376,0.8902703977526693,0.9704564178623112,0.09901665605753797,0.8826617541107186,0.7999832371312273,0.9822896645400555,0.20047197699888275,0.9988202659103195,0.6632964308856572,1.0,0.32749328327635335,0.9735904068411463,0.6905351914116682,0.982531009957679,0.2496403239665236,0.9610151710200622,0.6490691247069489,1.0,0.2909808711551646,0.9855672766426465
person_124.jpg,head_down,0.5196477494006281,0.6630320701078884,0.5831091926206904,0.5892237280870617,0.4612578368582781,0.5673324932036308,0.6784518195018178,0.4539705823379745,0.3573840370091059,0.40014970594236304,0.7473237058631519,0.5613864872300823,0.23635854822552144,0.4750970191162069,0.9184521008970882,0.9128005301072509,0.0679968877683104,0.8930064123176196,0.7660657001677116,0.9822888241352156,0.28450029827898654,0.9857699665333809,0.627802978287541,1.0,0.3018778631968754,1.0,0.7009738527514829,0.9473656146243088,0.2691665634884009,0.9592043778797443,0.6097933433134856,1.0,0.30313522168319396,0.995274380592857
person_125.jpg,head_down,0.5566271113966699,0.6478059426524508,0.6189257161239914,0.5625761835405487,0.49312975706646567,0.5523713455154493,0.697877724314622,0.429181111547729,0.3773034480027551,0.4002439948266028,0.7657674533670664,0.5668519064953382,0.2385764218584117,0.4940395457507651,0.9105627009503232,0.9439904477037826,0.08625546509237597,0.915023530142423,0.7499549488619527,1.0,0.2679148909473242,0.9722207514591321,0.6440001784247541,1.0,0.3124775856683542,1.0,0.7425647824241384,0.9495281807907147,0.3036597152946055,0.960780663240059,0.6548975481502114,1.0,0.3309796987335847,0.9976258067692054
person_126.jpg,head_down,0.5706518652720122,0.6207737433310173,0.632215838261334,0.5357777459926742,0.5088610658884555,0.5261515708468286,0.7019645655163201,0.4137458920423355,0.38976704006892143,0.3867636134310782,0.749813098829738,0.5471579123518859,0.2573119560848097,0.5053546906615303,0.9132589640601858,0.913023731034705,0.08384908276451697,0.9101522594403171,0.7982269755373124,0.99783358764557,0.23761309507337738,0.9663844262540684,0.6407886757061597,1.0,0.326726917358176,1.0,0.7524333826661292,0.9457006156071014,0.31216290691638243,0.9652417879007679,0.673652386161434,1.0,0.3266162547506015,0.9662460574065354
person_127.jpg,head_down,0.5211226475742404,0.6663358664783416,0.5740577864135322,0.5907370778516048,0.4614315534394711,0.5882457389332819,0.6673975937209197,0.43066068520333495,0.36342899571577586,0.4202045640392527,0.7508677544542057,0.537894332143152,0.23707402365652866,0.45957624739110997,0.8889199275389296,0.9421385472064486,0.06452406770709863,0.9088498019683523,0.7531759690827007,1.0,0.29608166755718857,0.9759693274038616,0.6386610831955871,1.0,0.31306129948982503,1.0,0.7243768255296767,0.9406835432531128,0.2509333429423689,0.956609839268506,0.6639849462484152,1.0,0.33045742400587547,0.9896127828733067
person_128.jpg,head_down,0.5071826231286526,0.7860406762115358,0.5590522709157645,0.7139498267903368,0.4584290900656657,0.6899192628813303,0.6769517061939654,0.5404252254589461,0.3840335545481352,0.4849985543926354,0.7732962738379804,0.5971823185689056,0.2663183889338016,0.4815316236350171,0.8383579352452618,0.9848559309595611,0.09653462533273251,0.891638282715316,0.7510486848660409,1.0,0.3054680365272777,1.0,0.6374710098882617,0.9657647326131759,0.3163529697513612,0.9293476404592336,0.657258267351604,0.9544225793552107,0.3238015000034728,0.9399497438232135,0.6389787903617389,0.9737977189937225,0.393074765074595,0.9399160515903892
person_129.jpg,head_down,0.5355250152588233,0.7221330873145949,0.5932680655038748,0.6453560446733715,0.4778480257170175,0.6299773960693903,0.6950902835061576,0.47170592705045716,0.3861099849662845,0.43184663979512933,0.760288491233494,0.5740282723353272,0.2587325218477244,0.4461330527901357,0.9126072491701805,0.9408524088961859,0.07147473761310034,0.8503780268440456,0.7467730818113845,0.98596141188415,0.23031222076135288,0.9663321790016486,0.6154669145432856,1.0,0.30336126887131365,0.9981015543359044,0.707455462713257,0.9670254653049964,0.308627538744984,0.9741613992891158,0.6238171073456995,1.0,0.308945006208725,0.9903711922798195
person_130.jpg,head_down,0.588980563412333,0.6717307401915964,0.6542907738218107,0.5993267702211194,0.5316615543071979,0.5757165393043604,0.7433899860407246,0.4584911490430289,0.4194414880137854,0.39676630631873194,0.7891151439398542,0.5790851405226155,0.2707498358439779,0.46895632961134975,0.9176717132406585,0.9359933070880185,0.09113794666297015,0.8643189406198761,0.7930522033491745,1.0,0.2568098317514052,0.9704441470609567,0.6446485024909536,1.0,0.32137086529047476,0.9753522131553947,0.7602928259259222,0.9531115679534481,0.3205653568084556,0.9605400284647918,0.6721185821260636,1.0,0.32420151478892206,0.9986795350750679
person_131.jpg,head_down,0.5887981759040377,0.6573263022540552,0.6508162517024898,0.5700747422667155,0.527203696519763,0.5558515260513275,0.7326760627883427,0.42952957029645067,0.41725215368767665,0.3921058574306823,0.7781007036369778,0.5631188885507699,0.27815484290905146,0.48423110791820934,0.9305627724144564,0.9141198429184442,0.08267402766679165,0.8601339524512228,0.7844595766913581,1.0,0.23994155869931602,0.975603549186605,0.6442119323515518,1.0,0.3240829733892881,0.9818612087643095,0.7350123935263315,0.953596434675785,0.3024932450480622,0.9556678688794201,0.6226280546348676,1.0,0.30649801154347817,0.9955586298992729
person_132.jpg,head_down,0.6892939042678157,0.7233185362951267,0.7407502015350544,0.6476318003971703,0.6458865076227184,0.6255972323503797,0.8189757958855279,0.4982029060269151,0.5478275106813447,0.43222920341777826,0.8841681509637412,0.6980253726858225,0.3573559388770588,0.49849575522094663,0.8416585551006845,1.0,0.11317631904936071,0.888147339448217,0.6349117702722571,0.8690397939095407,0.41036455638834474,0.9946616392492947,0.6410385304768225,1.0,0.3249584205093585,0.9495119518645129,0.6562414724815289,0.9488677354999564,0.3394958122678184,0.927631328450122,0.582896790047039,1.0,0.4143614822663597,0.9592059689719018
person_133.jpg,head_down,0.4905178553822491,0.7136437866587859,0.5652699702245972,0.6514937605894653,0.453519110813138,0.5971640713464862,0.722986584636418,0.551783700434795,0.41380463917864585,0.42562288832760525,0.8506043026442924,0.7216930435108829,0.2912068043039589,0.5376440990312625,0.7372496467046582,1.0,0.17011716916766903,0.939009273940709,0.48114700372685504,0.8725733903055815,0.40704234943045503,1.0,0.6634555505163041,0.9751735849258842,0.3185523238617317,0.8912031163748255,0.6308492102616686,0.8754820527465427,0.3921110037531468,0.834737733446747,0.579489966412294,0.9728100430813708,0.47480291049632245,0.9295012835599438
person_134.jpg,head_down,0.35718321191696467,0.8644972449244605,0.3906426948864127,0.8018302988030584,0.3113965879741369,0.7935110205745566,0.46892096250079884,0.6177323835919393,0.22278212295391978,0.6020877696967141,0.7026112456060161,0.6523814501101306,0.18188928519161845,0.6192652856901923,0.8701615125552778,1.0,0.1965602714217808,0.8890732549910572,0.6346608829505725,1.0,0.3022475070122497,0.973467158218518,0.6914785141080453,0.7202726069009702,0.37793461456949967,0.6969083023973154,0.7095242831206676,0.6651667377366859,0.41447521425440825,0.6264948928038667,0.7245473877144617,0.7957627429296875,0.5093411037792435,0.730737605623422
person_135.jpg,head_down,0.5358806609497094,0.7439844670605128,0.5196499925205271,0.6899781132249051,0.5564748506573814,0.6650534566607823,0.47697675991359273,0.6076270795740535,0.5992580723896188,0.563595958330311,0.4123928654428501,0.6010507442034285,0.46744491758406553,0.5461431518517174,0.17100402659995692,0.7998056821527404,0.11217860959943893,0.7987682171680942,0.26690997867845945,0.8856467775675697,0.2160414680235814,0.9411822188762846,0.3800737394274811,0.6424472517897025,0.4794577260088078,0.6213550443703866,0.24863408051267671,0.6291029898119461,0.3749014901933972,0.658524889012893,0.310983475832597,0.8914908826611387,0.4561352008410983,0.7932773226430766
person_136.jpg,head_down,0.5902314897461735,0.7028552890052447,0.656686545057897,0.6241336850394896,0.5283617676179915,0.6001897594470939,0.7491930767275338,0.49021044194728247,0.4041201284416625,0.42784056308296464,0.8130724435499715,0.6266720189324997,0.24476571679796325,0.5179148897486304,0.8927873045297235,1.0,0.10051629465461111,0.9478417429421582,0.7749760742424555,0.9897854397043597,0.2991034342044641,0.9762521720642373,0.6658174207627892,1.0,0.31751380590006856,0.9906391637967422,0.711042157449704,0.9469908457507438,0.31239013641385144,0.9539595285978973,0.6619916242818623,1.0,0.372039718000982,0.9677668568476692
person_137.jpg,head_down,0.4274973157894737,0.6589391483379881,0.4692788947368421,0.5821723500996967,0.37613084210526315,0.5816499133207529,0.5732532631578947,0.43007286263719546,0.30828731578947366,0.43108912818371975,0.6937673684210526,0.5509770544071398,0.2238663947368421,0.5094245233625282,0.8286397894736842,0.9359284987408691,0.06531542105263158,0.9243502008085623,0.8463961052631579,0.9801325686164666,0.21627252631578947,0.9993626770801847,0.6224912631578947,0.9940380298858359,0.3253367894736842,0.991913317422839,0.6665748421052632,0.9513876474845158,0.26388723684210524,0.9644452369250414,0.7193197894736842,0.9837607153274308,0.32174905263157894,0.9487760690503548
person_138.jpg,head_down,0.41166310861063626,0.8146172020729057,0.4525872064867543,0.7584313954545726,0.3775461799940958,0.7337236127216036,0.5375243906376246,0.6333061420993092,0.31580099202133105,0.5805543516041168,0.7259270974471256,0.5830002794347321,0.19396631491254188,0.5611639264141931,0.8641281904599926,0.9027848558322542,0.08583199110531713,0.8673479298709533,0.7924866601913353,0.9655292146468049,0.2756349637086726,1.0,0.6644158454158473,0.6755481777116398,0.3114289036256721,0.6631805690423929,0.7614476944662082,0.6479699387522432,0.25207073796621277,0.6366158175103139,0.8002373807530727,0.9056392937890044,0.3262543598231783,0.8735968250196523
person_139.jpg,head_down,0.5173382329147653,0.37101631824899356,0.49669817573202607,0.32235999730440057,0.5342112627152075,0.3100953418067298,0.4510168828307999,0.2464083712956433,0.5630923710821564,0.22843638492644833,0.3658204501403026,0.2735747983773178,0.5260663672823355,0.2352231359693835,0.4513184887219105,0.7892887909850227,0.5656109630483248,0.7953768538148097,0.8040250426661346,0.9014482623041452,0.8325805989162955,0.8972008689445055,0.30335960778201476,0.7068970216630904,0.4146603137824409,0.6792338617080228,0.2602535937086272,0.25240243153370595,0.3140919935582534,0.25485079127432747,0.3876224290521543,0.7923284227352351,0.4122966835642961,0.6773279484299206
person_140.jpg,head_down,0.5254267279392302,0.6909012205489653,0.5719542444248467,0.6029759699301372,0.4645247610279639,0.6131008067046457,0.6427594862504729,0.4668322203822924,0.3519144749329535,0.4859397251776345,0.7389248550285811,0.5558653459141367,0.23204031696801525,0.5516406485133141,0.8870773684475566,0.9126232110146381,0.09632754566712677,0.9321716594581653,0.8239520286960126,0.9804978362505081,0.22507691135664326,1.0,0.6571163244725701,0.9850756243137735,0.34070838761825933,0.9998565893936106,0.7570412014518447,0.9310715386303328,0.32714975408767105,0.9235571106360069,0.7396905468692501,0.9656027981855441,0.36100436044071826,0.9232234451560349
person_141.jpg,head_down,0.46932969380676803,0.7096703309461722,0.498199868976232,0.6392050640785792,0.4394652740851038,0.6325318164231326,0.5931220435568296,0.4856444553762236,0.4017935057705144,0.47127188115508817,0.7692382693702164,0.6035625836485095,0.2561298050460891,0.5419974430841019,0.9039309869790946,0.9623798941469457,0.06330850537431819,0.9366239170322888,0.8955180313927429,0.9957560376011886,0.21790884077649592,0.9864000295856271,0.6649139675861767,0.9489895562492878,0.3394439373200313,0.9262497055341077,0.7016934573442759,0.8866550594771374,0.275923154976037,0.8867121360299068,0.7561663301788808,0.9660853234383321,0.32897662056687615,0.8944413405065759
person_142.jpg,head_down,0.4593313595155114,0.7253868574162041,0.46188812409451385,0.6736340356295313,0.4751247420169681,0.6449872444081919,0.4976463593949877,0.5486813599696551,0.5381193047362485,0.4893545803322375,0.5220621208179319,0.5841791904963036,0.39383063138619695,0.5268355474246408,0.5585681744318555,0.8128155030770241,0.08094370878817173,0.8253822460966167,0.6967500891459691,0.9266723031226708,0.2726386344499922,0.9841112228753031,0.4596089795965864,0.6889899989987874,0.4567371390835046,0.7072839291744374,0.3986287729109297,0.5220548470710584,0.6345692171695552,0.6109992173316716,0.4818754192354143,0.8692838028565779,0.7597468337595993,0.8146595823400455
person_143.jpg,head_down,0.4859348474613011,0.5734707301125886,0.43182038358479985,0.543108072677268,0.5298065605224755,0.5301185939313763,0.34790688139547243,0.5326117536475168,0.6438979705182479,0.5171745466374089,0.21193495126258857,0.7342084254890463,0.8383025813776847,0.7320741916497949,0.07102855571336289,0.717350397688392,0.8787675924051399,0.8567589837541219,0.25048604145981673,0.8865950018875376,0.7579543462780758,0.8690597669462253,0.2594572525319263,0.7499238783838327,0.7087737751929603,0.7302362196158126,0.23574383799586263,0.5276405780325439,0.7364028252065966,0.5459852238989454,0.3946899238466071,0.8681540970444535,0.8556778965882016,0.845410520383774
person_144.jpg,head_down,0.5135280158941747,0.6120815476098381,0.570391759005326,0.5414100897890138,0.46139436971680436,0.5263656021376536,0.6490530975800343,0.4360019764012307,0.3674636949091708,0.3957992376901835,0.7219992548680246,0.6076842124565424,0.25641460175255126,0.5185526141616683,0.8826486935391474,0.9526945872736723,0.07817535305201129,0.9219661037733848,0.9152620181612965,0.9919425405322703,0.22595944730792786,0.9930115392263211,0.6226664789912651,1.0,0.3269092050448586,0.999015094341785,0.730251332401936,0.9488058932170299,0.2825697810384322,0.9630608088632627,0.7720088624808495,1.0,0.34638331276623846,0.9449924817674265
person_145.jpg,head_down,0.5777723202949923,0.5221073694445153,0.6393669981988873,0.443720260613731,0.5201217641246783,0.4272615338533581,0.7228546544949146,0.3812601701123601,0.4266826562427909,0.34011662191079844,0.7640832721293428,0.5936491614498445,0.3000145943151432,0.519620417498094,0.911157294775375,0.9383354911151468,0.09159180313570207,0.9219142058202924,0.8421153217616295,0.9779483635306127,0.2055825460164564,0.9645515826514078,0.6306873599787313,0.9882159095456455,0.3371589009028794,0.9637775282267048,0.6904642551667048,0.944717379007607,0.2882477260777181,0.9470535415598286,0.6393536621997881,1.0,0.3213904532099481,0.9548292821051322
person_146.jpg,head_down,0.6554625240384956,0.5343178881950587,0.7107436522074319,0.4613358484316726,0.5922139224164197,0.4558371944437624,0.7624615419499206,0.3921467652087873,0.4550479777903432,0.37215846608430897,0.7721061902757642,0.5645885324889652,0.29451918048747305,0.5127258612466062,0.9112139776854737,0.8914278516100687,0.13401708238915366,0.8659523590605447,0.8253386788428644,1.0,0.16478003625083082,0.9531156536007979,0.6298170594312389,0.9888933758860876,0.3307100089422495,0.973470853992821,0.7754642246247727,0.9495135758366668,0.3348903334424543,0.9432346893410366,0.6458950256434239,1.0,0.2881240974492623,1.0
person_147.jpg,head_down,0.5405643779026622,0.763306465979982,0.6229862127669397,0.6822089116165801,0.5039771491381637,0.6135611455623942,0.7976498244023109,0.5719428767948791,0.4723626725300926,0.4069978017619985,0.8962914368629745,0.814425104218789,0.3263163628706515,0.5087707992198501,0.8940345194029449,1.0,0.08811504807731096,0.9135417812389139,0.7219975130094675,0.9552821227016485,0.22228048258494845,0.9703166609090078,0.6592841136894386,1.0,0.3030759369907543,0.8879153453743278,0.6074073377494611,0.9975287250374506,0.2738024512239476,0.9387429765598737,0.5721504827500496,1.0,0.27086875239537006,0.9126379320761498
person_148.jpg,head_down,0.5629517200799725,0.9040476961193068,0.639732855163724,0.8410896134463722,0.5260414107492759,0.7684365791934367,0.7877672328355656,0.7193138645959039,0.48319664451919675,0.5505198972197057,0.8536704260338943,0.7173506787210087,0.3615990979855054,0.5656509938501414,0.7858946284465044,1.0,0.12783798990049958,0.9555848835057313,0.7004751141851627,0.9639988013124566,0.29343792243181566,1.0,0.720337898826999,0.7794453736506389,0.3995242556015839,0.7103551308239914,0.6296853089041499,0.8979389182283916,0.31604610558182955,0.8512209723185893,0.6167928877923747,0.8594032855776031,0.336792392844405,0.8081821746289972
person_149.jpg,head_down,0.561908282555624,1.0,0.6543362536845316,0.9808854197021846,0.5242610481264534,0.932752122890797,0.8471480905245412,0.8816208366483603,0.4854038473456588,0.7475442276161768,0.928700541606397,0.7921794485221312,0.39740192168803296,0.7018889146163209,0.9494953351207303,0.9938483567074138,0.17196803100495106,0.8820078371823832,0.8791733889832455,0.9995942396361689,0.35476859501119384,1.0,0.8349160734893167,0.7070711595124088,0.48286305471516755,0.6423489035353742,0.7203340776995156,0.8520568203627202,0.3154397012759811,0.7705708647828354,0.6631153831041974,0.808712022806051,0.33277421482059666,0.7840889030442462
person_150.jpg,head_down,0.5455160745365222,1.0,0.6222579190074057,0.9929787340713283,0.5119785219896227,0.9333032733862096,0.7941637884750071,0.8523474688220793,0.47768971927478254,0.7073337685454028,0.8826835967851437,0.712754522479827,0.3722860921658186,0.6651024046791764,0.9348849089442498,0.8603533146126427,0.19776356717650803,0.8637394044251083,0.8750337796935639,0.9719929479957615,0.4423370286232138,1.0,0.792661850069756,0.598541138616952,0.44801074002688074,0.559073572780527,0.7018249974329988,0.7689342953788343,0.31419546603716814,0.7201298089423255,0.6494749779953074,0.7690828992077041,0.34785590259596627,0.738682392809949
person_151.jpg,head_down,0.5727036582622645,0.9545499856640188,0.638042911329177,0.9145398594871641,0.5560505470829117,0.8186872446972034,0.7896386301831166,0.7704058235222515,0.5373735849320929,0.5510103126052703,0.8072037186769144,0.6792798363312181,0.39232132718860363,0.5400035546763,0.7145554519193578,0.9658756130199018,0.16321682300449775,0.8842483760305629,0.7354600351386674,0.9316791417337196,0.4126559378526675,1.0,0.7050943107972627,0.6686111568307816,0.42247500327279186,0.6011198241345131,0.5577201883154087,0.8226985897357609,0.30665698864836055,0.7704773012282842,0.5584087083698089,0.8506342407935299,0.35689292417359153,0.7756211685624266
person_152.jpg,head_down,0.6332447156648982,0.9200826516531868,0.6961235520897174,0.8604570769626586,0.6058483279576694,0.7898189764748271,0.8269766861044976,0.7143550199947579,0.5515562588008354,0.5492772545089375,0.896612318513151,0.6358435179534662,0.3416533165080257,0.5394804168022096,0.8172182267593592,0.9406940992439508,0.09783198900658936,0.936825278327531,0.762325441541093,0.9603701765505499,0.26456161365215974,0.9811136942249281,0.7302595928078383,0.7756064947261133,0.3591309334266612,0.7335592021888441,0.6154038101215836,0.8231567389493362,0.2714808571048312,0.7953649739258556,0.6330962892857515,0.8737731661309677,0.3119136541862537,0.835785798785835
person_153.jpg,head_down,0.6161065252934239,0.8075539405809472,0.6905979600963172,0.7228073173356643,0.5691902258376259,0.6576399152494333,0.8043017054249133,0.5723254402042689,0.4807332290069034,0.41678851546024176,0.8625905549872857,0.7416252128828091,0.31798839132692897,0.5112292857735543,0.856185477700291,1.0,0.09920820099246953,0.9308002914841126,0.7827070444083232,0.9438861864627482,0.24542534636467123,0.9772287484832228,0.6627430334181197,0.9613264334519918,0.3241230385254882,0.8620344408031752,0.642629122261124,0.9762744419861997,0.28154120361419277,0.9358011992911711,0.630115598795548,0.9740432083298075,0.3059615478851358,0.8862726428029796
person_154.jpg,head_down,0.554520437534204,0.4864734016942474,0.6144758021793,0.39562594828307124,0.4807744395893447,0.39425806928449314,0.687164267792231,0.3552618904972603,0.3691144637659232,0.35120482758875327,0.7601468640521174,0.6064097085530947,0.257666680561252,0.5581482661128042,0.906375882156076,0.9262220467219066,0.06955389289401742,0.8907822755995377,0.8089844447543566,0.9979949823060573,0.25043560668762976,0.9931468724528784,0.6331637336226151,0.9919725447375201,0.3180371673869265,0.9759544918699069,0.7005290291910372,0.95995787992423,0.29228895682940886,0.9524767471258314,0.601293843206294,1.0,0.32105600907367887,0.9855065197568379
person_155.jpg,head_down,0.5957768919665333,0.5102106668756359,0.6425113829639523,0.4162169380453799,0.515112036523039,0.4339768250868768,0.7036217904392803,0.36150835395007425,0.3849232992345582,0.4012190685109857,0.7704785958151932,0.6076998441496054,0.2759837682772474,0.573850232127212,0.9171332972862415,0.9295214242944247,0.08311194672864328,0.8980548332264721,0.8186492428586434,0.9913999049434259,0.23957072735954868,0.9911229509558576,0.639880240881781,0.9918475185799234,0.33285080855141963,0.9857045561612843,0.7191201368643964,0.9445301849102856,0.29248933622264356,0.9474583486451691,0.6430671105022583,1.0,0.3146168370589231,0.9842002786808618
person_156.jpg,head_down,0.6261880470620725,0.5333476423129139,0.6696172500484227,0.44418884721597923,0.5528715286346639,0.45775940298935897,0.7162526138100499,0.37897317196805663,0.40812426949601055,0.40667774851468225,0.7807254661815776,0.6164586971739331,0.2784419294186895,0.583086786135773,0.9323663233004322,0.9393824653241016,0.08051720255985968,0.9178317720670887,0.8149538830011592,0.9922398141485363,0.2353902479444837,0.9868770782542436,0.6509010536955049,1.0,0.3394962498018579,1.0,0.7235369791921001,0.9526717452671093,0.2936097021308021,0.9572378537313492,0.6659153925759438,1.0,0.3219040149848429,0.9751029626763967
person_157.jpg,head_down,0.6416429097707141,0.5370930925018623,0.6783415994928463,0.44088851717812405,0.5644262087020268,0.46537050634596144,0.7177757223737808,0.37144838480828823,0.41185042414560386,0.4237711215889738,0.7689174453272798,0.6163413261912157,0.28350702346694723,0.5937024197560211,0.9226379655829738,0.928036320560179,0.0809122820356512,0.914984838366394,0.8256363826394981,0.985380826282861,0.23131705883426715,0.9801350317449243,0.6439395428348101,1.0,0.3419890766830762,1.0,0.7236360648338582,0.9534856412629464,0.3054954906007447,0.9585306547704773,0.6824998886711012,1.0,0.3321138668206981,0.9734138087283701
person_158.jpg,head_down,0.4862602266800765,0.708564326254143,0.5580041402656297,0.6510997243584942,0.453581137794482,0.5941637367378202,0.7262637568911106,0.5519141520084113,0.42562815892562134,0.41525920828629515,0.8480503316371967,0.715995118794514,0.298271876376489,0.4869346378297946,0.9134699414795531,1.0,0.07439466479526376,0.8658440261743181,0.84685293951394,0.9809665762069972,0.20930933180890787,0.9688295181827811,0.6959962500839891,0.9641421433129164,0.3444711135949387,0.867140616563807,0.7432218348351839,0.9265964021937654,0.29208539484503865,0.8882936641203626,0.7031658847231451,0.9619563216713124,0.3217224230259348,0.9057560185173226
person_159.jpg,head_down,0.7940328772819972,0.8006324161703818,0.8083713725104663,0.7433529988462932,0.7906051268005725,0.7373483483506112,0.8091843686386524,0.5761524319650869,0.734367240942289,0.5510508326758486,0.74921707819544,0.49065605547839897,0.45565109889851024,0.45914426257591845,0.5691082829555695,0.9185884436915501,0.059956862583740896,0.8785019696911467,0.7335203856800362,0.9101883382930415,0.26969453595868303,1.0,0.4685922609578115,0.8547698476870981,0.2651998772527867,0.8820778828664878,0.43434892936978353,0.9201049915839442,0.20513188886540176,1.0,0.45893260807361314,0.8907496481483296,0.2759985539197287,0.9299886136453893
person_160.jpg,head_down,0.6851409841405566,0.7410524286967365,0.7324675787373521,0.6539450342405135,0.6332988761986197,0.6471719027183939,0.8243969746941102,0.5077153454928786,0.5479239703577027,0.4838253399467414,0.8888816954742564,0.695054183006793,0.3827866507868646,0.55158552654869,0.9099590789714774,1.0,0.111920947087685,0.9257921339254458,0.8126120238604206,0.9248443344832062,0.2720743754962438,0.9672088769662236,0.7084556383476862,1.0,0.403287933386266,0.9610008220869997,0.6769975467741607,0.9895404573006439,0.3583235611474175,0.9962316161286389,0.6565042040758159,1.0,0.4223351961562735,0.9697157309690793
person_161.jpg,head_down,0.47868787860592027,0.37739190303854003,0.5489198617480737,0.2901156676846121,0.4150292214923233,0.296743479342456,0.6587820717605598,0.3054433842753134,0.3506414795733471,0.3164270721331924,0.7662251420976955,0.5835399401750807,0.28222262049576047,0.5570546238493028,0.90383808169585,0.9040175048723108,0.08794853784351975,0.8757896847839243,0.7991945779490799,0.9944177672410187,0.20917341176485404,1.0,0.6530025706578885,0.9846219875579241,0.34045936406884386,0.9649920436753207,0.64950935174189,0.9703729652933079,0.27175183617807297,0.9529913577357095,0.564703686300172,1.0,0.29575553809944644,0.9847306265968933
person_162.jpg,head_down,0.5281523409939766,0.425287013965733,0.5911635858544377,0.3241605082245579,0.4495576605633798,0.3373586461097615,0.6884370205915687,0.3052867157959961,0.3655326199558683,0.335948034517562,0.7875084833861156,0.581656597786045,0.2847272061973669,0.5562556074786089,0.9168046926779835,0.9244995835221421,0.10006940341569252,0.8872861447945515,0.8180089508850936,0.9906721500891758,0.20868972122620608,1.0,0.6680073210935796,0.9767474954062025,0.3458612700433688,0.962514049489266,0.6684663498289654,0.9718337093300637,0.2835942090177825,0.9568545191462722,0.5798882325197267,1.0,0.30174231722705985,0.9933149193258907
person_163.jpg,head_down,0.6077146307168216,0.6020770213941677,0.6606039110756563,0.5108271167119609,0.5367886305641,0.5236083585233731,0.7251219186776198,0.39216741355754114,0.4028811827489302,0.4157701701447221,0.7906737351295575,0.5600984881494605,0.28170558321112327,0.5452879194891088,0.9281422292734053,0.9468059151828835,0.09580650096821682,0.9187931786207572,0.8431152554215526,0.9894602116880019,0.2023401393348324,0.9746709643363087,0.666144074801217,1.0,0.3482408047373955,1.0,0.7590507643220706,0.9550419157236572,0.3153982415739404,0.9668047594864715,0.6675589048674887,1.0,0.32231670521539224,1.0
person_164.jpg,head_down,0.6645675191514286,0.715891556502883,0.7228327058485661,0.6251450268092513,0.5950781197670221,0.6267732154480216,0.8010506990429261,0.48270237828906565,0.45622515321891877,0.47803841605121267,0.8133629966386962,0.6284820467968688,0.317931155651247,0.5752249986376996,0.9127695949978696,0.9559793488943186,0.09829122840281462,0.9313875666739961,0.8131247072207365,0.9887309685257938,0.22599702239877728,0.9867232525655746,0.6771439467104825,1.0,0.3662584859173843,0.9933108994167711,0.7587522408514304,0.9705085912553729,0.3006088685179554,0.9833049052947895,0.710893303906855,1.0,0.34136564125533475,0.9873900267558546
person_165.jpg,head_down,0.6569809461402609,0.927767946435049,0.7100484473708079,0.8504209045634916,0.6066437304271705,0.8325439085613607,0.7587163994452093,0.6591954955243018,0.4538461852026606,0.6137335616048948,0.7755610325791754,0.6604627216048982,0.291000829536387,0.6765967912690218,0.8415895303132366,0.9053909161621292,0.17933807276481217,0.9779257715581838,0.8073692180855238,0.9664566199852047,0.34301981817459193,1.0,0.6266558371744401,0.7676545698156081,0.3421726006373367,0.7879795270230389,0.618520877514978,0.88123305714389,0.3219298746217915,0.9204538671350313,0.6090859711537384,0.8548665897876723,0.40645514847580333,0.8155769042766354
person_166.jpg,head_down,0.4880834656818969,0.603600465014298,0.5413942219020552,0.5195093313791441,0.42556069004811775,0.5200648163636513,0.63747220599484,0.4173088632066171,0.34090452997573273,0.42025869809132566,0.7665522481577656,0.6175133026426133,0.26695105538824365,0.5680168655023422,0.9254613176887801,0.9758155113487329,0.08507048498928742,0.8985479692377306,0.8263015264508782,0.9850873592718968,0.25930634919721385,0.9865936668563001,0.6472527052275885,0.9702220919802083,0.33691005696147347,0.948203016555968,0.7258172724382383,0.8972233995709,0.25767454479256835,0.8910634553905031,0.6776427359558349,1.0,0.31819548509013895,0.9558433456881579
person_167.jpg,head_down,0.545088309568538,0.6774613325295624,0.6116042327512755,0.586962386766724,0.47997935764904753,0.5686160106731364,0.7031493272629594,0.4630541938582744,0.36986876537696883,0.41789812943770316,0.7850650494971582,0.6351288174966048,0.26901942844726406,0.514025869763464,0.9323451866451774,1.0,0.07268221601155218,0.8856734568409466,0.8806652046783626,0.9882408612124767,0.23738262496620915,0.9761599386459897,0.6703779911305473,0.9608879579934709,0.343877891896701,0.9229374144082213,0.7502627344399618,0.918382870562012,0.25295314259048246,0.9190562803960319,0.7479720151998878,0.9990725390948061,0.3307245952798908,0.9447651519705446
person_168.jpg,head_down,0.6128738044776005,0.7555881976937248,0.6895350405346328,0.6557549323255918,0.5399717582733176,0.6289406324279453,0.7860080949958285,0.530827487217511,0.40180316905579405,0.4654922319028675,0.8332577010689076,0.676620187923109,0.283736330799759,0.5772604252270354,0.9057539961531939,0.9715576052401352,0.06603921714001812,0.9230017262600503,0.8816516978697694,0.9734355352572005,0.2514753351468033,0.991073546338391,0.7151903035602131,0.9602751139699296,0.3717185184427679,0.9345489638529171,0.7575228004646165,0.9549861812214161,0.30151372118410724,0.9437370207969128,0.7864402641462162,0.9715309990387413,0.3924465524896437,0.9253269182175804
person_169.jpg,head_down,0.6006716895148165,0.8129524275147013,0.6842578319024176,0.733149726157268,0.5468891009119644,0.6751925261961873,0.8391560347633711,0.6222221507449761,0.4678126269274976,0.4847174768031766,0.8933395445074935,0.8074857047741351,0.3375219493265307,0.6091974329304429,0.8775383956323155,1.0,0.10085496922053194,0.9222362228278131,0.7686384092535521,0.9562299523077009,0.23380520870327062,1.0,0.6957223041371111,1.0,0.35533351659589246,0.9566268654556098,0.6613879402262277,0.9991717574101578,0.2999644242928788,0.9481099584511703,0.6590344703705182,0.9637228137411075,0.337437125235954,0.8916137623361909
person_170.jpg,head_down,0.6703460548647493,0.8423092160210073,0.7423475878937472,0.7471692999103032,0.6093511719081586,0.7058209234660687,0.867120441894592,0.578660481739514,0.5092425484675556,0.4810779169179004,0.9165897017658806,0.7048855534386906,0.34466121126572996,0.5747141881329243,0.8728621844544964,1.0,0.11330914170199767,0.9443059246350748,0.7597480261489203,0.9638900590878681,0.2423678435985111,0.9882901186489543,0.7412656231971279,1.0,0.38716179708002707,0.9872515985982498,0.6983510788894892,1.0,0.3440117325515021,0.9976794135264615,0.6706354801669456,0.9687353022572347,0.37088998534574735,0.9149873680449817
person_171.jpg,head_down,0.6707951420103699,0.6591097155577996,0.7289957840067495,0.5985529245589617,0.6276324099840312,0.5693516911915756,0.779888091035753,0.49830723012571027,0.493820597037253,0.4183299904040865,0.8123751808289076,0.6060165315920887,0.3057453591465975,0.5164396374858122,0.9166092801063324,0.9862296111777464,0.09660915381053474,0.9209743354382779,0.8052613522774127,0.9861029910078303,0.23693829263541985,0.9908142303969781,0.6602007210401286,1.0,0.341393654528951,0.9769173639148477,0.6485696946483354,0.9766857851009887,0.26000730882490797,0.9760342292013189,0.6147497486876942,1.0,0.30384509733323156,0.9763394144504752
person_172.jpg,head_down,0.4162043304868379,0.7508757696341447,0.4547312530827905,0.654424570485329,0.34698817461760867,0.6833769683362391,0.5434829774262449,0.47161501654357796,0.24686404138479992,0.5429027196234626,0.6959066112574387,0.5583449337183183,0.226169413315204,0.5905858271483335,0.8684068528674442,0.8653302281240982,0.08491704630306054,0.8785212020971761,0.8587047976923529,0.9496358594611727,0.26712953666303024,0.9628904716232456,0.6924946045073983,0.8970632699966159,0.4011607306732188,0.9296083257560522,0.7453387650790406,0.819823828802613,0.35122898027766075,0.84424192731547,0.7748487744175806,0.9037626784592724,0.4047536594516024,0.8811305245902822
person_173.jpg,head_down,0.6732346885088306,0.7483362046814307,0.7309137637244267,0.671504870316941,0.6202665748637571,0.6500154959749831,0.7909144349249446,0.5413164206516612,0.47891834953957807,0.47694424383578704,0.8005696543750366,0.7230660987433587,0.294553505507092,0.5537225769555885,0.8726295254612338,1.0,0.08845968141792192,0.9097482924008168,0.7462784096445019,0.9327331535847951,0.24419113842103327,0.9648763149211567,0.6317514652740338,1.0,0.323887106238051,0.9556822988726231,0.6566301078900704,0.9806549393509727,0.30738141943753394,0.9436192728415324,0.607864629681353,1.0,0.3667325417497548,0.9779816152603503
person_174.jpg,head_down,0.5263359573596242,0.7598201805260504,0.5830354856446994,0.6715483777526394,0.4590348952027311,0.6725278728207501,0.6508501972912599,0.5307711211805287,0.31221833744644356,0.5259951150516118,0.7306069891765353,0.6580319369722581,0.21444425834328906,0.6306368998129543,0.8840018450796469,0.9718665764163091,0.058579682162575086,0.9401285574961071,0.7650767687867571,1.0,0.25622387330343216,0.9697110961069189,0.642410183702442,1.0,0.3205933529749025,1.0,0.7667055830964664,0.9426759625097876,0.30203032926925494,0.950428245828349,0.7066157518627455,1.0,0.30870457938632356,0.9739626592664752
person_175.jpg,head_down,0.4127136839086473,0.6017170919760862,0.46681765941221126,0.49148747882989324,0.3395787123696926,0.5093141019508832,0.594722380470715,0.36183284921102515,0.2679205383721376,0.4080446256761545,0.7503677393546131,0.6046803854024831,0.23086700366059984,0.5941920372683284,0.8742174235250703,0.9742825110704423,0.07438066707229954,0.919000183874093,0.8736851918596115,0.9919247385754436,0.21860616342354144,0.9770163343969421,0.643881790313642,0.9653391374367951,0.33095594577265525,0.9583724103032671,0.6737467257633283,0.9182521709510523,0.2788166199241527,0.9030354722032735,0.7181341361591562,1.0,0.3246798859060663,0.968622198937464
person_176.jpg,head_down,0.432846102971974,0.43286610169524065,0.491397880398193,0.3385093761916576,0.3587897709217734,0.35590483364323766,0.6016465683333625,0.2860488925899222,0.2910128699817488,0.3266138055696001,0.7424254485419302,0.546588513231731,0.24629358563667983,0.5313801224519284,0.8870283101708728,0.9089684451784226,0.1141458601069397,0.8932118639008062,0.7306123788976944,1.0,0.22189811976842777,1.0,0.6365390823609525,0.9990858692276577,0.3245377936389118,0.9836791981399726,0.6686762352395464,0.9486884991086185,0.27032971668648526,0.9401420003126666,0.5366474152633193,1.0,0.2658420469452775,1.0
person_177.jpg,head_down,0.4772242010515282,0.5349379407952378,0.5333855238317139,0.4524510447856147,0.4086512397740904,0.45679030461096226,0.6443897107536194,0.3382457908384464,0.3284699208948987,0.3504862747321473,0.77571205830125,0.547733688105664,0.2579737743954124,0.4943536351852806,0.9056180598137916,0.9646995142509847,0.11344617534605611,0.8911512678891779,0.7690339625760773,1.0,0.20051447682086873,0.992826095144626,0.6441581043392637,1.0,0.32261087681245765,0.9904746770202265,0.6838070317955183,0.9747958056050994,0.23853318636527662,0.9711923829358449,0.5858547394539624,1.0,0.26430050270616356,1.0
person_178.jpg,head_down,0.49858861380238895,0.5407112356649206,0.4830958960282741,0.48280812966715353,0.4916792340614318,0.4879512543815163,0.47587471099788287,0.40382454842609034,0.4901528418500728,0.4195966243414473,0.5277271889435922,0.5051346179327817,0.39196556387969206,0.478058831225202,0.45868002882374376,0.883198955518081,0.14032935004795602,0.9029456679822425,0.5628129678840849,0.9763900353488204,0.23647781896976505,0.9864955890032708,0.513274079252479,0.8519363236807763,0.4292080504624968,0.8467089692571619,0.44603408444191583,0.8844735479740995,0.40826695801721263,0.8443527164751718,0.4872988295909331,0.9977112986067233,0.46582906252550477,0.9614092158364927
person_179.jpg,head_down,0.512695934201597,0.6191698403374982,0.5557105691902829,0.5476009592511129,0.45866124639999356,0.5486800244305806,0.6457520992481309,0.4171579898236005,0.3629053796855039,0.4211380325750648,0.7836791647630886,0.4739190832418486,0.23924205171455135,0.49582478751980574,0.8992650326487291,0.9021140412443511,0.09472158423609033,0.8899836055786579,0.7880242685894545,1.0,0.20571721873787557,0.9963007817252364,0.6780649926415337,0.980264161294353,0.3341966143605559,0.9844345114571176,0.7430574509921015,0.9316834143069895,0.2884037935027875,0.915598047605165,0.6554148261341753,1.0,0.2645397334587771,1.0
person_180.jpg,head_down,0.3900094011099004,0.5536844113169441,0.3827922590530618,0.48647400216147046,0.3756867569736881,0.4914018460556622,0.40855118514664895,0.3952173746263888,0.35388469448118326,0.4133367183879313,0.6077564189392246,0.5193952932890595,0.2622174885951509,0.5670587813337024,0.769917541136686,0.9102850627174649,0.12028080243893952,0.9872633433890471,0.8571731848941505,0.9459970134425644,0.21248113091699788,0.9666348828589633,0.6057571373232116,0.8846957065643387,0.36100417312651467,0.9064656982161636,0.6624914695496353,0.8614034053574199,0.4201655964240697,0.8303737024683369,0.7611424433510514,0.9706741901301105,0.5137837411125864,0.9220559011690581
person_181.jpg,head_down,0.4494481836911162,0.6787018998999735,0.49270844354173077,0.5923325816488493,0.38805122255427443,0.6058253704915708,0.5671960732214159,0.44560075693622614,0.2740865944215023,0.47753589076855113,0.7004512923695446,0.5064516672533741,0.17337606830369798,0.5514452809201313,0.8195332454414568,0.8991393819830951,0.07803860844407753,0.9239171066224536,0.8800951884069784,0.9730495064538702,0.21409326779300378,0.9860271295858387,0.6424771894817471,0.933666662573517,0.31000664533212546,0.963741439521002,0.7300838602214339,0.905892426072721,0.2618927417243378,0.8815351399679698,0.7730483462972879,0.9674211945978095,0.3250230360131361,0.9461596350368329
person_182.jpg,head_down,0.4728672399315457,0.6474069621463281,0.518443194587444,0.5725506164644654,0.4142194164623392,0.5782269687120083,0.6112461795866152,0.42236849700034995,0.31822749218302154,0.43432561084275195,0.708870914065517,0.5235535511792371,0.2093058079783764,0.5083332882393755,0.8433955530492818,0.8932528315999216,0.0665780988432065,0.9089865644055956,0.8443358580987618,0.9443175300055195,0.17813323661107228,0.9952889590751289,0.6304286740335959,1.0,0.31357963240903747,1.0,0.7384080174068403,0.9457515930192149,0.2685123122111346,0.950123677694845,0.7371820808439538,0.9963242411889413,0.32819501976489773,0.9716796417014492
person_183.jpg,head_down,0.4970708904852909,0.48088468527876677,0.5522591676945637,0.3961227889150064,0.4233005288596431,0.4059655577513756,0.6311547798241605,0.3311730985512737,0.3168182778033649,0.3539394512798341,0.7216010136035335,0.5342401296001636,0.2292656844735491,0.531344029519389,0.8829299683013612,0.8977055628711497,0.07769007566145689,0.9127162071876137,0.8279245655921834,0.9264961697500123,0.16871854914465437,0.9880305889589905,0.635889929432442,1.0,0.3222536326381279,1.0,0.7969300730027475,0.9566274519736092,0.27649768568761457,0.9547178465495926,0.6796944013580594,1.0,0.3236795714066396,0.9777918365660996
person_184.jpg,head_down,0.49365517704078526,0.40897108153796385,0.5433736673619685,0.31747701214062124,0.4193163293418282,0.3450087929889828,0.6451742928682859,0.27775028983021144,0.3528772270670234,0.3407175579151669,0.7732623611015227,0.5435934429634621,0.291069700227079,0.5284577128583055,0.883705276855435,0.9091049204822514,0.14747862847519969,0.8988859534624511,0.7968327795542715,1.0,0.21298337412957327,1.0,0.6570272419916143,0.990251765854317,0.34962612470189874,0.9770050276363386,0.6946753552173487,0.9653868120922274,0.27560690437573204,0.9517881246580265,0.5988228114722025,1.0,0.26488719833269064,1.0
person_185.jpg,head_down,0.5035989512547314,0.5234738825987985,0.5541194415158316,0.4294617382302967,0.4299179447812293,0.44785243988724227,0.6641028119689826,0.3240582146085151,0.35255636733269713,0.3709550912673858,0.7967198672605297,0.5400046014517734,0.305250012366185,0.5294667800894766,0.9129973794125897,0.9509813129632376,0.1282678404906531,0.8782542062431912,0.763249229164805,1.0,0.18143286767857336,0.9931973839531519,0.6830618407250453,0.999051177153275,0.37666796349722553,0.9846579111973516,0.6557767886505039,0.9634624991415076,0.24711586642710964,0.9630858702467134,0.5733150079906141,1.0,0.2590845358203872,0.9916814694354239
person_186.jpg,head_down,0.5019010472780269,0.5248523121764924,0.5541105183150825,0.42667471024939396,0.42639489656062945,0.4471980112023708,0.6656595790985559,0.325792378516735,0.3500977585819735,0.3773877282478987,0.7975432872913163,0.5432747958584517,0.3099126328415505,0.5307195687992665,0.9141964342144484,0.9485780438520064,0.1342332387802298,0.8745877454889882,0.7843828410115605,1.0,0.19742714685073942,0.9907771014475467,0.6871834873721737,1.0,0.3826803972342338,0.9891427220644199,0.6750015913923884,0.9631710945001467,0.257377394421469,0.9677891176194718,0.5995649399860684,1.0,0.27686710041044876,0.9940604311031424
person_187.jpg,head_down,0.4953134578231068,0.5504983114607823,0.5463415481313054,0.4572291040238607,0.42131188674136294,0.4754560373163354,0.6615499338326114,0.32632810837156323,0.34161005060980865,0.3734420963815828,0.795364815090285,0.5308471260168154,0.2980883280295183,0.5184976680756893,0.9237525345909554,0.9542185748326887,0.1306277681007976,0.8737957155267265,0.7975540682940981,1.0,0.18747658516682486,0.9817490090968274,0.6747120709782518,1.0,0.3691640275289481,1.0,0.6731979141310352,0.967774865135253,0.23631791947505143,0.9775587556876837,0.5959646775057043,1.0,0.2575762468694854,0.9995519183344646
person_188.jpg,head_down,0.49272787261637485,0.5677929751982494,0.546575449544774,0.4781951105197116,0.42143813804804586,0.4885445746161772,0.664952407507137,0.34236416534009806,0.34366319098679393,0.37193561940412456,0.7971865159246799,0.5198895432617979,0.28977546533948145,0.5055635219643395,0.922508310065304,0.9497819068823121,0.12675934852127232,0.8760927121109996,0.7994969523812594,1.0,0.17735997335621648,0.979896913270927,0.6749475677877301,1.0,0.3609988609851615,1.0,0.676686136828676,0.9680976814896588,0.23963581687072769,0.9744003978219982,0.5975956932483611,1.0,0.2545807529746891,0.9954620951854792
person_189.jpg,head_down,0.5069802771724339,0.4633737919167909,0.4658295875364874,0.43258652195253605,0.5467207274570642,0.4308298986148726,0.42014813983745736,0.4185010022289117,0.6671140757473607,0.41957323309219063,0.31192613713909256,0.5620036041313101,0.8368598723652719,0.5694560642532787,0.1277043364817296,0.5796723924652721,0.8327727607682894,0.7415464799969274,0.26569221219732475,0.44197705494695577,0.617720010621975,0.3824849481815699,0.3524946761853975,0.8300951319128126,0.7111825019722372,0.8127015553622314,0.21927702614800507,0.7752008124782606,0.6407588418307423,0.7552930807657059,0.2853256206575294,0.9558519693129669,0.7059375882575412,0.9191857344215882
person_190.jpg,head_down,0.5578589713884501,0.5874690180366019,0.6037378269264525,0.5212537545588658,0.5034385817096717,0.5221049230794187,0.6832182552220467,0.3997230135120562,0.4016016289275057,0.4010472286631863,0.7853928453572055,0.5070163201463043,0.2933638616815868,0.5218932198802446,0.9218358574688432,0.9099036543922369,0.1218642513603651,0.8937153813826749,0.7717327154642795,0.9943366578020176,0.18786898367561874,0.969835711107967,0.6755246621028611,1.0,0.3686394383008601,1.0,0.7249882253817799,0.9602187985231393,0.27659292961207654,0.9631121256443091,0.6352627979638407,1.0,0.288259505002633,1.0
person_191.jpg,head_down,0.5504667827887368,0.48232198584506253,0.6146992754769514,0.404224676942121,0.48675122428404927,0.3977388358587177,0.713740228031366,0.3584600392852667,0.4029788702867451,0.3435165884461667,0.787298913429201,0.574292976162077,0.3158750328143184,0.538709199674139,0.9216530036538263,0.9260483549496764,0.11828352540220165,0.8841916689845867,0.784559755123238,0.9995546617302249,0.19993937367620412,1.0,0.6593474418513176,0.9995859124035217,0.36051632991551363,0.9769877935387713,0.6639765908851871,0.962659974493498,0.24924735853644006,0.9554757487981593,0.5772726819267142,1.0,0.2582302301035493,0.9835384005103112
person_192.jpg,head_down,0.5411759422858041,0.508734915554744,0.6002618923840497,0.4226718849537069,0.4734523219416767,0.42304138882108683,0.6963084630561327,0.34938823925905893,0.38307239087769357,0.35111571240863015,0.7822602308729036,0.5712677145897639,0.29268460131504637,0.5398856240793921,0.9210957222708701,0.9405477970149301,0.10083006471603186,0.8830216378504515,0.7830694547353355,0.9930322782781958,0.18036921126580552,0.9926207287740101,0.6513121965626408,0.9929654767991587,0.3435190414589058,0.9743116222195604,0.6783102558301136,0.9518685519790495,0.24670075470372885,0.9460219817470853,0.5887535960547459,1.0,0.26914315881709155,0.986733684704747
person_193.jpg,head_down,0.5463322574026602,0.6830056696062577,0.6086809924950116,0.6098517577934226,0.4849403728655105,0.5935840862588778,0.7166496955873926,0.4798455584114895,0.3936739682097028,0.4439704808483329,0.7860630244643039,0.6002158513361844,0.283426019761187,0.5552158945744988,0.9203089324620244,0.9318770432761657,0.08261046223499484,0.8853377316386372,0.7777031965255593,0.994224140900766,0.1947228074351665,0.9825853790135965,0.6650506946839982,0.9787164004627775,0.3474309199801214,0.9607094145688169,0.7101994168130515,0.949232335624586,0.255789485035291,0.9497833051622719,0.6345690101287876,1.0,0.2866384438137331,0.9840271995933046
person_194.jpg,head_down,0.5593022644410482,0.6824555953607461,0.6175348725158627,0.6191054484937473,0.4996297585675322,0.604680822216809,0.7235956399947351,0.49199945469620543,0.39429217616389783,0.45824403238746964,0.7933084817936181,0.5996178403734884,0.27513698188394464,0.5603975354056367,0.9232505089960534,0.913925732900964,0.09155496704885617,0.8915305083318993,0.7840013544971217,0.9807536813593262,0.19588526822857688,0.967436871028948,0.6622258887426786,0.9818991918031602,0.34466642129007374,0.9667321478190456,0.7258118190642033,0.9307180354760346,0.2667312298075512,0.9323674304644544,0.6550471914632773,1.0,0.3069217850081775,0.9906195828127992
person_195.jpg,head_down,0.5319793928152575,0.6062550405003468,0.5368693608660907,0.5618737141580747,0.525990304272734,0.5566904535176717,0.5684431013166135,0.5195777148164259,0.5054677187380274,0.5095656058593245,0.7303455741007082,0.6326571911138281,0.2973609731641498,0.5979501769318489,0.8736385634084167,0.9362791408518593,0.08021870317277702,0.9226174941120686,0.7770239816725882,1.0,0.25455962961496487,1.0,0.627187352390555,0.8427075471328419,0.34763967094979203,0.8319301834369844,0.6333445797672379,0.8223434162934051,0.37153417902798463,0.8178895929587786,0.6432930450751494,1.0,0.4077925518121351,0.9483656826669488
person_196.jpg,head_down,0.5175889486742797,0.6626521143699421,0.5417803192223225,0.6124960445853561,0.5026151961948446,0.5932518651281681,0.6137287763747435,0.5211001085106689,0.4691314569918374,0.478314872821575,0.7780575930085019,0.5841596607751266,0.27239806326998195,0.558418348228668,0.8899517570345843,0.9074103687999758,0.08170499189165349,0.8903446706673981,0.7739424657968006,0.9953453912476574,0.20907340371875685,0.9753507932461021,0.6516923487516313,0.8335220976650048,0.32720661243008387,0.8115924725496987,0.6329447094452625,0.8700508712062964,0.30196429500358485,0.8472444343719199,0.615891850263606,1.0,0.3200280682231978,0.9235308195308071
person_197.jpg,head_down,0.5132451267128947,0.6830571480392902,0.5255281040030846,0.6313717042845176,0.5064806961754128,0.616286489471874,0.580475925147758,0.5672574767920858,0.4920885094789846,0.5341571407764604,0.7464262821927331,0.6455257469490139,0.2916187584445748,0.6008193132683642,0.8465079221605866,0.946925969249848,0.06399285250852124,0.913412203927222,0.7778093472679548,1.0,0.2631921115702281,0.9992497249056517,0.6492749439039457,0.80583043982802,0.3506496952662785,0.7909806258907669,0.6390761488504317,0.7986304589173968,0.37936809301794483,0.7957904360223146,0.6582299221487434,1.0,0.4318340345596162,0.9313613468198563
person_198.jpg,head_down,0.4681895456586225,0.8000070453459339,0.4824275322468623,0.7424702399368975,0.4493072348006332,0.7375325334691208,0.5243155014878857,0.6217428321992439,0.40144743545747436,0.614385198511009,0.7270786007888015,0.6057515743925159,0.2253400163511447,0.5688811170563725,0.8636022257041811,0.8875644798260806,0.07810528884574872,0.855133522352385,0.7027961542551162,0.9267928914323375,0.2600802129623661,1.0,0.6514408451075513,0.7202885833337682,0.3233248672155067,0.693924358333004,0.6283470794960149,0.7121485993926837,0.22939507192799316,0.7258460193049934,0.6596143533634168,0.9352897090980392,0.2699507584386998,0.8929767220279264
person_199.jpg,head_down,0.5092714457451792,0.8585909562478322,0.4737374009304735,0.8377230592753578,0.5396477642269012,0.8321998206247768,0.4103720120936483,0.8039473284005573,0.5895368854725033,0.7923184822678467,0.3895981099041981,0.5547422867759464,0.5186918569557932,0.6223538128992204,0.4256464039836537,0.4233633544444697,0.5407759559899326,0.6089116616642841,0.5564703980272327,0.20793647182891417,0.6330925395447745,0.15391751346783833,0.4792771681168053,0.5735071638906276,0.5750918054309737,0.5996764447207121,0.37821210374749165,0.2799257962171713,0.5150192900912768,0.3222555884787841,0.4271324624892971,0.7326171785642264,0.5801645228043028,0.6579051488970264
person_200.jpg,head_down,0.5501942773921139,0.6050815579277187,0.5485821331220618,0.5713624681890549,0.574752251882847,0.5427696030251742,0.5391441362925612,0.5396021034290571,0.5956316340500762,0.4670059834145339,0.5048962324112004,0.35868394613968835,0.3818568723545426,0.4362788982799707,0.37010665824242756,0.681690672236342,0.12016472599812614,0.9546309765179639,0.4564956883672661,0.6675918697451854,0.29918545201010704,1.0,0.5484520919112736,0.42321311111456167,0.4582755160160548,0.4711291906780179,0.4324801889626644,0.33456871411925265,0.29319948138363033,0.33024979293771417,0.5075597596157911,0.8160394890162006,0.33184843724897795,0.7193972513493325
person_201.jpg,head_down,0.5532580199147453,0.7700044779650231,0.528646589047188,0.7442922067944647,0.5805922800418944,0.7248217121750966,0.48061107016083426,0.6915858017251846,0.6150802423488364,0.6469960619571372,0.4692500498057328,0.4711989858281126,0.5217115255927974,0.48873602610051503,0.542415614787466,0.4799296028364174,0.4836590519014468,0.5522860159502416,0.6024159802612382,0.22244365282182535,0.6341455590666197,0.17159436941138614,0.508681740076245,0.483155843382433,0.5511366333628692,0.47392564209116034,0.3724233602492849,0.2720198912456606,0.40331331768549433,0.2848348335009691,0.3993038320520895,0.7917802197657573,0.42830586420543915,0.6807532720237078
person_202.jpg,head_down,0.6428162220636153,0.15083774693793522,0.6758735339360245,0.1346804718649769,0.6372301821683306,0.11572202695334553,0.718347844335084,0.3164573731813007,0.6098976666159178,0.26444776563032824,0.7240780575725616,0.456832295324696,0.47532138337030294,0.42286451987468326,0.7726193676363452,0.4347065528489169,0.3562170925518374,0.3922140876390501,0.6535409373902781,0.20011889279653572,0.6014110757524137,0.23125731378936545,0.4952534520999436,0.5239244861906602,0.36686193438852455,0.4350518484650582,0.13572305509354052,0.7026850886961095,0.10763066060714999,0.6417368723501607,0.1604281052388311,0.9087708830833264,0.17563584063866292,0.874000050242146
person_203.jpg,head_down,0.5523127556955221,0.6090300896191353,0.5664100264601345,0.5563970940592216,0.5368055784485019,0.5502715688506234,0.618591815814679,0.48018538757639895,0.49534710677636445,0.4659819593345995,0.7653689786038226,0.593477132680104,0.2619696003351303,0.5548151121216031,0.8666104453281682,0.8729102434573015,0.08647439507118043,0.8762636108445248,0.7858600530458533,0.8596792191161593,0.09387749735880808,0.9587080463000975,0.6186768654462128,0.7649598762002979,0.30624283917983675,0.7355593585789277,0.5058406727184778,0.718530552958086,0.23398970120163862,0.6717693721292693,0.4757541833542229,0.9221669321654801,0.20781308412053298,0.869981867882601
person_204.jpg,head_down,0.5857100522918187,0.5435996653952365,0.6527663843771022,0.4667128700345674,0.5269263850707102,0.44722550629608554,0.7315001740689313,0.3728243922691397,0.4202970487424131,0.3263999245236291,0.7763587714068104,0.5140458149076017,0.30514656026008524,0.48402097417587764,0.8729636936226746,0.9089952234928781,0.14104082438868015,0.8607248545887141,0.8429504750547884,1.0,0.10951870273961822,1.0,0.6745864695752851,0.9747877160062172,0.3705408452858443,0.9565260392139415,0.7629060552423204,0.9576821061767063,0.2630694810700593,0.9311879836042594,0.6883924367382817,1.0,0.2603712459022662,0.9716903973203744
person_205.jpg,head_down,0.6231864541159764,0.44038040244344734,0.6845413887233293,0.3560510431059262,0.5532276066069406,0.3509235284261583,0.7528914891255409,0.32393094381776777,0.4389255965109174,0.3100544582715725,0.7727027653759396,0.5808244673823916,0.32236631330345755,0.5144451040367755,0.842814750522529,0.9604060350587079,0.15619010370277295,0.8595772710496481,0.8996235601453464,1.0,0.12087957303744494,1.0,0.654584315376595,0.99336537122349,0.37002062795501306,0.968347309205561,0.695017131339941,0.9774192308078624,0.2830514739898571,0.9434136315023345,0.7113391479917374,1.0,0.27875640292575293,0.9933338950424183
person_206.jpg,head_down,0.6293061912140002,0.5503220140729246,0.6907803028471122,0.46608286142331956,0.5614459604003587,0.4650560612679802,0.7923325666333062,0.3699015158478751,0.46936333821648946,0.36821762075203723,0.8611448865751944,0.5847909023738298,0.3602136702626859,0.5255605711398904,0.8871042932193907,0.9826363833398767,0.14947113578314022,0.8609378675243695,0.7199401076507953,0.9997389964263048,0.11177080036240501,1.0,0.7022652839839817,0.9945152029763048,0.396696344562427,0.9590958150300174,0.6442408412550782,0.9644953389228109,0.2541779316711835,0.9365995268703744,0.5782178994440372,1.0,0.22702429319051756,0.9822833273216773
person_207.jpg,head_down,0.5206772020734095,0.5508580281050243,0.5674774509632117,0.48608836678415884,0.4751166010794347,0.4770819484710189,0.687135340311434,0.3788838801095601,0.4158254112935188,0.3622490350186293,0.8360862726759662,0.5451425081509039,0.3184706216171644,0.5069089500742007,0.8719400993686773,0.9579229765183211,0.16267218898917085,0.8395089534258002,0.6713739998977363,0.9569279238516583,0.10275799451664655,0.94372731386054,0.6850431944314748,0.9779348560767293,0.3700864488768872,0.9374548325410524,0.6261812843414755,0.9243834453326183,0.25828045305241687,0.8715867403273768,0.5603709605518785,1.0,0.2345653754627975,0.9726788031810404
person_208.jpg,head_down,0.4781325606378891,0.5820083298701882,0.4696977622311956,0.5202653532532882,0.4930974948393444,0.5027459756033577,0.4741026404097319,0.4304921385913175,0.563730265688146,0.3950298108081773,0.46655051955866006,0.5954444721125907,0.6168337969874946,0.5381849011317197,0.22764544557007205,0.925402939356513,0.41200975854695554,0.9441263255378562,0.1388404545887599,0.903165217420272,0.1906588578296439,0.9275177203372257,0.4465185056119619,0.8014869176398868,0.5689393902877857,0.7375467108172551,0.2988848675576039,0.7810715734227005,0.4634748051286821,0.7046250683953799,0.3275197296256234,0.9572091020613139,0.4499447798396994,0.8744937909070997
person_209.jpg,head_down,0.4987164601447016,0.4807652197912047,0.4521580427360608,0.4552037763877672,0.5481105162810569,0.43694779951095164,0.40222553426141056,0.4255213751877158,0.6752922550442152,0.3889942503773021,0.2700882508705121,0.5979199442037627,0.8420590349488197,0.5299177811851463,0.08804590321346512,0.8731323909543924,0.7887234446199526,0.817763603346278,0.14047450035771478,0.9432329812955418,0.5338870169546378,0.6544995068367432,0.30324479700261936,0.7348814184480882,0.6950124199447889,0.671316103723476,0.16622232319804056,0.7126488789835974,0.5226643674586045,0.6738561958388077,0.20641174342837054,0.9690086483336569,0.49704754901687265,0.9361310978815801
person_210.jpg,head_down,0.5371033866735565,0.6508891424174372,0.483350541441414,0.6231818281394891,0.571314693726785,0.5998474239583734,0.4026050144852647,0.5458277657233114,0.6615964146882254,0.5115438305656174,0.2624383430704046,0.6344286600726815,0.8529825449858586,0.5531416855336341,0.07762396837310191,0.8747482976706293,0.750781978346273,0.8153301526658087,0.15647637831051417,0.9548859751762073,0.37000715176175986,0.7861652637041345,0.3064703673431696,0.7531219739964918,0.7315311646860151,0.6882444122699156,0.20897183232458783,0.7539816909680276,0.5793476547035113,0.7282792046678482,0.23589685229156004,0.9663981082133621,0.5103680897821169,0.898775070756651
person_211.jpg,head_down,0.5065039888089166,0.5908062524570739,0.44762275714057437,0.5687961306969508,0.5565151532962636,0.5600433183278793,0.38227232444688275,0.5406152236144872,0.6893574034558786,0.5342774956949297,0.26344632683121116,0.6664208208518594,0.8770453172665916,0.6319343008436645,0.0858648889384197,0.8327337611641131,0.8295193118171124,0.783695734427458,0.14113281920228882,0.9106798965675716,0.5377720817345994,0.7163899055560785,0.3146513525135431,0.7704974870940176,0.7307141695933914,0.7170414338791037,0.21917405131862977,0.6548014684304073,0.5648545949324366,0.655601482457646,0.2297749302909897,0.899676912087973,0.4923671591845472,0.8598691775423909
person_212.jpg,head_down,0.5574554263287914,0.6573702664825944,0.5375317902978014,0.5992654665190411,0.5843220854209192,0.6109923391008464,0.526549462879294,0.5502864530107973,0.6889097621858666,0.5839145777769976,0.4018482311200106,0.6910966968563522,0.6378309052254378,0.7131516769423613,0.16183440649550232,0.840120223745569,0.30549167555603673,0.9285556473687576,0.18942050790318216,0.9083082867196731,0.15382055235052838,0.9460816312712144,0.3577865554871969,0.723874678740869,0.5672145589698976,0.7211038148176477,0.24950968351620648,0.7014463714071119,0.3948981850448726,0.7065911987223614,0.2890008649615463,0.9096149320867915,0.3629463281629468,0.8627405446682374
person_213.jpg,head_down,0.8727728970887236,0.6274293355868003,0.8633021371050709,0.5425765719353245,0.8601046701382886,0.5930443630847345,0.7462781337131825,0.3994223785798701,0.7401396886650051,0.5150353577275758,0.5677771737929009,0.3659488218472187,0.46531306664913286,0.6350656564081758,0.33231884657656774,0.7202677738640919,0.10856276098806887,0.9265977142902386,0.35819078125097426,0.8475141368414493,0.12011156274568376,0.9608796687873282,0.4596682139134309,0.828367644571158,0.4130946503503837,0.9825555288620109,0.4506447365363174,0.7399667202025202,0.3384568381637323,0.9323596056082896,0.46131121652820045,0.9054579392742667,0.2106823511273324,0.9394749649122721
person_214.jpg,head_down,0.8718717743345448,0.6542369143415642,0.8878027744502907,0.5995710554489377,0.864751949693725,0.5949835021147866,0.8658138232650764,0.4794058262382541,0.7685436551692736,0.449456812523204,0.8365959056055222,0.5194186033495187,0.4307277825403422,0.46235060294838765,0.8195556444344443,0.8820966371923278,0.16704522585002313,0.8113027641674024,0.7314256993795947,0.8262981729446202,0.17005201384641427,0.9155368288805819,0.5782606615176902,0.8947756487804914,0.3143311453601223,0.8890645011410823,0.571621953080366,0.7791625789866127,0.26598725102888193,0.8560467140254622,0.5398977125516932,0.9242726236456543,0.18890139939063635,0.9384158843813564
person_215.jpg,head_down,0.816964095434658,0.6247185728290146,0.852434596422273,0.5786880432934319,0.803682538592795,0.546350423676925,0.87047981932579,0.48107769946016365,0.7079419702814381,0.39141749448780155,0.8743275277869554,0.570138323929326,0.40235351329239843,0.44552345748485717,0.8140365782318472,0.9923608711510928,0.12739173778782795,0.8464801494279995,0.660997684360782,0.9090863251421079,0.132940575748864,0.9533616825100306,0.6331100078808969,0.9512370004123372,0.3382813351469408,0.8950927954949824,0.5519741289177426,0.889160903806271,0.24937017187792762,0.8712148752194565,0.49535404679050116,0.9847005251677343,0.20678626750138382,0.94619919702314
person_216.jpg,head_down,0.7077663916057894,0.6007681473151997,0.789223963792441,0.5474695586425354,0.6680887459394164,0.48732561433246524,0.9057022901053223,0.49566464812587335,0.593560530787368,0.3479451623996903,0.8848122693114978,0.6925547863374495,0.40324686749221367,0.4854973390597626,0.8220638460509051,1.0,0.15117749590619065,0.8307697399914707,0.6496799803833148,0.9490122179735844,0.14711901222487248,0.9752134689074616,0.6344801561142025,1.0,0.34426983482424206,0.9203473475335209,0.5862374707455594,0.9809074742150815,0.2611767238041365,0.9115558795948748,0.5191418022380834,1.0,0.19799794857892372,0.9698288420913266
person_217.jpg,head_down,0.25416914152699066,0.5915208885864649,0.3065871420339349,0.5372591273332372,0.21141029539785153,0.5231095751661907,0.48942869411865597,0.4273861991968096,0.217200060377626,0.4045376721309649,0.7601377926281704,0.5130926636477156,0.23993166695726828,0.5168266968325465,0.8661488156586905,0.976718575100576,0.17082555011517,0.8815278573445379,0.7437428621969292,0.9883502447312377,0.16883489219207806,0.9151563651716041,0.6818420618769404,0.9883531384333337,0.3503537059299499,0.9603802990105782,0.6758732209090124,0.9406083560133264,0.27220594466460196,0.9038729525882103,0.6910592064645831,1.0,0.33976429941859637,0.9798313304453704
person_218.jpg,head_down,0.2977212215877572,0.6009927893094688,0.29408091695805133,0.5214427970000607,0.2694831441271523,0.5563634349183927,0.33824672169870407,0.33734492650710945,0.25980892867368377,0.41536781698195996,0.6431115186122335,0.30776814827545035,0.31182243556133754,0.3271890435610651,0.9098637142867368,0.9022602366184226,0.32833923260549797,0.7651803155262034,0.7968707500187894,0.9523121402445,0.3133397627347332,0.9203018615009392,0.7695378905956416,0.7349300596802518,0.5430364281547387,0.7070910614338747,0.6919048818415751,0.8744293171656738,0.3533155333681683,0.8299999391467493,0.7684540894661308,0.9361559169399293,0.41623063350667294,0.903399346520023
person_219.jpg,head_down,0.31068913140026955,0.5924399555560499,0.3141237293037931,0.516081475631425,0.27773862276977307,0.552530005227973,0.368576204224282,0.31032767731747724,0.254954857173365,0.398673108320387,0.6681276214021997,0.25545528064409945,0.2757510359470548,0.36694479153406195,0.9097693195398712,0.8909406314023616,0.32655923012251836,0.8667136731062605,0.7799079366774246,0.9467765364946709,0.2845962901273644,0.8938245650462422,0.7794367076391084,0.7969135390493328,0.5257787276933303,0.8077990728072485,0.5911058452465533,0.8752117040678903,0.31124953724862553,0.8730356478546154,0.6484954640098235,0.9748941943133331,0.4018589258066541,0.9648280804358045
person_220.jpg,head_down,0.28468700524289753,0.6674616767742522,0.31349866040431984,0.5768173187194798,0.22660301708605102,0.6112913568058094,0.4242046378115914,0.35075173959733513,0.1863039392185009,0.4419773371096968,0.6943617476527878,0.3667324077983053,0.2434464324145977,0.4653715326662993,0.8512033003344073,0.950015715351874,0.32145195636593404,0.9035088014974443,0.7027506661583725,0.9949558499502729,0.33551255056822954,0.9331025152089375,0.7408199318539568,0.9028168365696215,0.46444142374668956,0.9254897928247032,0.6770070278662627,0.9010620364150121,0.39238183925221215,0.908679283860165,0.7040317587547936,0.9763902637865793,0.4790987548349241,0.9579302315949265
person_221.jpg,head_down,0.3608717931358897,0.5039244859085623,0.4080431461030889,0.41248038029588924,0.27940829157508645,0.443548568425924,0.5054554511907406,0.31364258629331154,0.18657347369862703,0.387957794231514,0.668956999024571,0.515758039411383,0.16782379712320405,0.5297701670390061,0.8185788176129211,0.9677902987155311,0.12820809620394547,0.9039984950164112,0.8540487828665838,1.0,0.13186731700459103,0.9359874363032458,0.623524259858662,0.9989763958504752,0.31079198589239826,1.0,0.696893684456672,0.9478630295957394,0.2520969260820343,0.9312693727118294,0.7784990064786077,1.0,0.3399256827063209,1.0
person_222.jpg,head_down,0.6715490297065574,0.43770117674456477,0.7361888280349329,0.3750244420343864,0.6166088479409767,0.3429334123777055,0.7872901572162301,0.38394792407383493,0.499440472177847,0.3078559162171148,0.7657191700623719,0.5983728996058674,0.3307147170364779,0.5110320451279051,0.8256126660923644,0.9379186589842176,0.1335377193667521,0.8414095779580307,0.8742583229160942,1.0,0.12167837248440051,0.987760310907864,0.6192798694588214,0.991363598406872,0.3336920028328311,0.958618857788075,0.6891673927682269,0.9767720280431176,0.2684063271704453,0.9318565157925365,0.6908684639729136,1.0,0.2567049899695613,0.9857041328692329
person_223.jpg,head_down,0.7206189223820637,0.528474369462528,0.7896031523962597,0.46058851583238636,0.6671407047739163,0.42600952196890746,0.8485192336872123,0.42843248497173164,0.5432873428728731,0.34105613966540843,0.8284936554946168,0.6228567874965477,0.3570323173434671,0.4653286662243006,0.8393646502694275,0.9743053550378891,0.14026595758044483,0.8262101431659497,0.745688741242443,0.9685983576058879,0.13382969252007013,1.0,0.636746312274687,1.0,0.33211002677653134,0.9491027708325088,0.6600377871083175,0.977058592012465,0.2377570067029261,0.936810813945965,0.606769322598571,1.0,0.2140783066159107,0.9972933866545725
person_224.jpg,head_down,0.7020938807505194,0.5344140467675136,0.7730628280363896,0.4732675078440629,0.6551175380341041,0.43270836445361954,0.8405003873167726,0.42095934029125154,0.5368983739213541,0.32051604735283756,0.8385913864044318,0.6017711968629211,0.3466276835529827,0.4717955839622345,0.8660864628032798,0.9789420622383314,0.13792743426354737,0.8408276584988127,0.7195077589862795,0.9793608511246827,0.12954689833422087,1.0,0.6662606353606793,1.0,0.3551369201677115,0.9554802202437366,0.6746786793626851,0.9777705738619289,0.2641404397048251,0.9452002136523636,0.6146349507568779,1.0,0.239950340022826,0.9871158688703365
person_225.jpg,chin_on_hand,0.713593596381173,0.4694679041009385,0.7670980794210891,0.37145385209724047,0.6300919162309255,0.36927764424913406,0.8187901854974552,0.3589163734397935,0.4890904475981792,0.35879228517599665,0.837454682092589,0.5947901714422238,0.36144223717197255,0.5687498259556268,0.9115112574817247,0.9729412179474756,0.17080598121724588,0.8953201063798896,0.7205335760845418,0.9578240130766276,0.1492487282934406,0.9713076316729605,0.6879368062621849,0.995432943357081,0.38187341390151835,0.9786415391019251,0.7327380793486981,0.981388480203854,0.3351055370531156,0.9375555577750921,0.6444283914851877,1.0,0.2882358603378217,0.9998146613458642
person_226.jpg,chin_on_hand,0.7006959292918515,0.470257722949746,0.7564568916105693,0.37299306294250645,0.6175267171026676,0.37140379433459536,0.8137377461788966,0.36359008589883623,0.48521229204397986,0.3647967864681372,0.8398213348389395,0.5902533363899115,0.3538976506634359,0.566035903688174,0.9121031740213467,0.9741449447343699,0.16722635341577624,0.8871170122107125,0.6961835659000061,0.976557618745814,0.14534764771974432,0.9645887752190834,0.6823572946820238,0.9843192384361003,0.3728374299519829,0.9671591036187929,0.7244943222843768,0.971097753124201,0.32602692541678047,0.931908441734772,0.6237786781539061,1.0,0.2769892531572502,1.0
person_227.jpg,chin_on_hand,0.6828580710901406,0.5116395921886295,0.7382310304659082,0.40731021292645375,0.5987231458703786,0.415150167352912,0.7983253842920932,0.3708724523096297,0.4631844759016154,0.391791650063597,0.8398441187596268,0.5920066462755175,0.35667539281484495,0.579151632331619,0.9126666662245005,0.9448673783534655,0.1587796944941697,0.8998004549447688,0.7621636580579136,0.9660383441961576,0.16700917958952394,0.9849061764357264,0.7012805904332499,0.980315722208572,0.39367651613784704,0.9654434143598869,0.6904617253277391,0.9751838074558062,0.2756688757285516,0.9392188616142546,0.6318794690557786,1.0,0.244284229239251,0.9684501585284656
person_228.jpg,chin_on_hand,0.5245614790593813,0.4376126692820004,0.6076927391747567,0.3465505747955268,0.4361625778183608,0.34259979845463134,0.7027505592471452,0.3794550233175871,0.3241295102694247,0.37327512119059564,0.800101529191734,0.5841645609497026,0.20304991470203865,0.5918506196458918,0.8673342751607043,0.9707803963503975,0.09005541933147079,0.9789183467654295,0.47349139045345817,0.8523497985824829,0.3683946195425659,0.744787679292786,0.6974423229023278,0.9524532433666719,0.30593818911584575,0.9535845388467064,0.698705986245078,0.9493570595343847,0.3596371610282056,0.894659047730096,0.6649624446221551,0.9876417299660273,0.4262779848149194,0.954699597164966
person_229.jpg,chin_on_hand,0.45476523319032847,0.47839523785722554,0.5454575363533576,0.37507367093621763,0.3651162973693929,0.3690002456366091,0.6494022531470607,0.39895147380629026,0.25497680320549365,0.3884091461281229,0.7547887990062471,0.5619717242594083,0.14159690760056579,0.620709210891725,0.9007778754297675,0.9452498316761103,0.12693037542773244,0.9911325585044125,0.6475203796144975,0.9189975193108062,0.3518937310588228,0.7941398829657828,0.7018727565329679,0.9262412600543287,0.30255536474374856,0.949961230043362,0.7066320473932028,0.9468042383140187,0.38620159748283983,0.8913203676049415,0.667900672460122,0.9815824664107307,0.42983397021183184,0.9581958699371529
person_230.jpg,chin_on_hand,0.46228560902732063,0.47442387296360894,0.5575066486819108,0.3831915295578219,0.3842699388302111,0.3609469365998806,0.6541982677332914,0.41980676002550443,0.27341648035651084,0.371576889470648,0.7387800293653558,0.5723548085649031,0.14129295274391582,0.611700329601004,0.8679692339414692,0.9495436527348112,0.10560042681542683,0.995627000968224,0.48197298574840414,0.8895669980669255,0.33428067460138455,0.8121881525813123,0.6485162015038534,0.9115574912539345,0.259602967339413,0.9248075190861584,0.7084288055237673,0.9056293287542296,0.36062138947363415,0.8459992105769198,0.6673922035779608,0.9934741025372867,0.40360859287029877,0.9445229894170076
person_231.jpg,chin_on_hand,0.47828388508454867,0.4753573856477266,0.5701065912986041,0.381932074884778,0.39864827761609,0.359038126697023,0.6616379836958849,0.41937746013645166,0.2845644007816012,0.37095594136210736,0.7482331997646894,0.5812048384099402,0.15205822571690786,0.6128546813405084,0.8597344006213293,0.9589018847718954,0.10858215102181194,1.0,0.43418803778107024,0.8583043120395655,0.33944851502864004,0.8182743683701913,0.6611686630147453,0.9096348380006765,0.2721280924258933,0.9210663029735224,0.7184995505819314,0.8985319416731751,0.3821100605275887,0.8403244909892859,0.6826621708219556,0.9989058153381564,0.41837038722470354,0.944773705410596
person_232.jpg,chin_on_hand,0.4728938738205962,0.4752084797666016,0.5653766291334146,0.38286810233080554,0.39450888416978036,0.3596897819986182,0.658223793267206,0.4197670444248762,0.28236854269677547,0.3699547597615915,0.747682831633769,0.5865876047017679,0.14953747553697427,0.6110581151358769,0.8462294920387444,0.9654347298640727,0.09752373302214626,0.9966147934030924,0.4250928712120853,0.8456387089727605,0.33742339574468533,0.8161231960349652,0.6625704110842476,0.908444079223534,0.27291203167108624,0.9167710435304502,0.7176733600351245,0.9018902083996161,0.37552246645277826,0.8416311807971204,0.6894744685863916,0.999610930145931,0.4116174533575157,0.942004478650471
person_233.jpg,chin_on_hand,0.4585330971455223,0.47351070416315083,0.5563918600844137,0.38586817536132423,0.38655995615286154,0.35819278761104767,0.654902401250065,0.42383056054093426,0.28058196272597974,0.3616106433866832,0.7429579427154528,0.5829530433608053,0.14909232602613567,0.6066927471091927,0.8524604397493809,0.9538802637946374,0.10726290694143152,0.9927465475129391,0.42415940437456895,0.8544781550860348,0.32700854610767716,0.8110109012586434,0.6587273657922491,0.9106319297675505,0.2721332858146997,0.9154692791231515,0.7140702805861129,0.8958104840726202,0.3689633274286381,0.8288405147938016,0.6821565993698291,0.986827998265695,0.40708668834869016,0.9310858063432063
person_234.jpg,chin_on_hand,0.5386630312222255,0.48841046608334304,0.6437931749216117,0.4163520642889015,0.4813121729494524,0.3629622958980391,0.7291611203408418,0.4470864689492299,0.36917819588596457,0.3227489391127353,0.7720081525003472,0.5736676649587732,0.17356145648275473,0.5565206637730254,0.874512550046773,0.9656922114515629,0.12067802243927359,0.994103747669829,0.47619679397129927,0.8711598501756509,0.37963909193659384,0.7728464592524971,0.6441143025497102,0.9238396987024204,0.2505760703191938,0.9174602476952857,0.709218224535864,0.9243479445424415,0.376271872140347,0.8807268427375307,0.6361174084696889,1.0,0.4011762268967355,0.9697488281408357
person_235.jpg,chin_on_hand,0.6388616100492082,0.5493577630705171,0.7453294978040481,0.48921619124485555,0.5990507849536205,0.3960302187526583,0.8128221976828656,0.524845052210248,0.4817622556434932,0.2999463567907395,0.8030145954340348,0.6942696173851776,0.2252777158810677,0.5131031157087699,0.7723254262869654,1.0,0.12314406352766201,0.9968954930592685,0.49617199954801694,0.8735478107161919,0.4458542131920089,0.802546436865059,0.621065472884749,0.9064464268117427,0.25004128204768067,0.8392824642676581,0.6774139179149662,0.9231426651333764,0.38877426925714204,0.8494268958904447,0.674473370769982,0.9913216833799541,0.41548650624304767,0.9130119390978829
person_236.jpg,chin_on_hand,0.6258594374506162,0.543969045200337,0.7366142919648159,0.48923225773502754,0.5892454509104872,0.3915308287972858,0.8039456840534976,0.5333721349110612,0.47360568594193203,0.29975912272814215,0.8003301056009104,0.6605803446490395,0.21993800658664583,0.5044103115383091,0.806191920165366,1.0,0.12052681989411641,0.9977231282900568,0.49049944019553937,0.8638060055069623,0.4309321385986037,0.8030198100397141,0.6343258097701978,0.8964871633222949,0.25407161974964404,0.8375250530096682,0.6996870826607221,0.9210635255198768,0.39346309290323644,0.8430423664060842,0.703319686915002,0.9879581914141653,0.4284528049650877,0.9034075137603653
person_237.jpg,chin_on_hand,0.6172019238527081,0.5250756378305519,0.7316785977212882,0.4782031378790377,0.5874091304741808,0.36770675249459384,0.7955821485857757,0.5430066674020345,0.4734350771031815,0.28058195674097924,0.7851470262066315,0.6570404698757794,0.22389667222947565,0.4985848967979985,0.8022633778529986,1.0,0.12441904603737579,0.9795072540800791,0.4710325218322794,0.8486636559012054,0.4118085059842915,0.7888957543419024,0.6128632639817235,0.8882339687800006,0.2399719632899183,0.8262415543816607,0.701807542516899,0.9093317264334824,0.3773198120162405,0.8254617665312297,0.7022354672278763,0.9934313877602474,0.40662940707528933,0.8936514223306149
person_238.jpg,chin_on_hand,0.4100595573769237,0.42201880077610265,0.540982313959749,0.3921000480012844,0.40679117407646515,0.30322760172149316,0.6604471651556173,0.5118090531842218,0.33867567767568024,0.29160193228378534,0.7386960277219942,0.6361177036272916,0.17694189838501012,0.5774811858446998,0.7883718304324416,0.9946008111616366,0.08111656047217211,0.9716111175124958,0.3351855490429737,0.799369512139847,0.2806286697066276,0.7537110208000105,0.6155304663796821,0.913027365646917,0.23516727227724035,0.8701554335105759,0.650114700261042,0.8586693241211641,0.28951015716104733,0.7920967578108574,0.666396778696117,0.9752659593348846,0.31810056878060483,0.8890419456957483
person_239.jpg,chin_on_hand,0.24439126012098744,0.38163080284828965,0.3312600311007819,0.2990372519202944,0.18152391084842015,0.31555590306936177,0.4689045863166547,0.3538339110823246,0.12109570456654159,0.3846608528364889,0.6596767725897643,0.5782285209682674,0.10672704219978607,0.6764317900440531,0.8461400174380107,0.943509517148079,0.1494187080092004,1.0,0.7097674832036801,0.9394525266913999,0.27076990290244,0.7254916070386764,0.6698780962206657,0.9843675855855879,0.31143921265284474,1.0,0.686639584983336,0.9105355151311286,0.32896030605406584,0.8690199765192035,0.7388702845711558,0.9491030973319554,0.3789901559133932,0.9322607619989455
person_240.jpg,chin_on_hand,0.215920011667958,0.3543506316314573,0.30098218991860165,0.2788553665730297,0.15010734144917112,0.29209520161859936,0.42671628531415506,0.35907337062224737,0.08132343942990411,0.3836339383230539,0.6105209337809753,0.572451179816291,0.0710377654490524,0.6671925673429548,0.8223736673416923,0.9312038162877204,0.09927492724727675,1.0,0.8705618154473754,0.980629642334515,0.23109070198953555,0.7649346342712938,0.6293774473639058,0.9688047629089377,0.28447963193726455,1.0,0.6689805010637571,0.8955858741555576,0.3265678965096311,0.8584069533097276,0.78108416545236,0.9200420231078147,0.40246219954645657,0.9223078283741906
person_241.jpg,chin_on_hand,0.25777712320133733,0.37776098127357277,0.3403609922614611,0.3002267391646291,0.1949298103829945,0.308378019295168,0.4553239069341824,0.38095061559468335,0.12425490303089659,0.3955881869447735,0.6234213298384932,0.5754415039421006,0.09348152013582628,0.677568122360161,0.8367794041676416,0.928723236340911,0.061245388164244526,1.0,0.7971398431957153,0.9530458734645262,0.22615406353661172,0.7757358603667088,0.6439010728989654,0.9550094546841579,0.3001237298994984,0.9913058650691541,0.6677765923963305,0.890698503416469,0.32515341386118773,0.8532186375077777,0.7540855463291843,0.9264827879183584,0.38693211901096825,0.9124372512782343
person_242.jpg,chin_on_hand,0.3318010878449894,0.4108247081216895,0.414078148036084,0.331086509025273,0.259828673598671,0.32346421942885706,0.5114900527614702,0.3918669827506705,0.16501425476931716,0.3783316881733816,0.6453773377812586,0.577572350976298,0.08489497629641045,0.6718784021364315,0.8546172970154131,0.9490100225208827,0.0778953562255546,1.0,0.6751630066987443,0.9490030494764167,0.2598896004839232,0.7862796052737272,0.6155361374937323,0.9576864040057542,0.2569655646700694,0.995529799954976,0.7110794964905205,0.9154632525000245,0.34577538130681923,0.8814607051511725,0.7333549113525945,0.9670479212910086,0.40758807072198844,0.9326773749386185
person_243.jpg,chin_on_hand,0.43830721134955897,0.4551210798838904,0.5310718182551174,0.3724435554161939,0.37307826139225075,0.33692111526668156,0.6152649805337652,0.42612242804269596,0.26726997335574704,0.3490692298920329,0.7022946864859988,0.578742636801164,0.13154768831319383,0.6468696778442365,0.8599565713640609,0.948866488980522,0.09672958037400957,1.0,0.4811795248333164,0.890283287091638,0.3050776752047947,0.8040980607996594,0.6534183713447023,0.934828856086495,0.2791626838773257,0.9619566738687055,0.7367312422066081,0.9057896643364493,0.417114110253122,0.8556341441452995,0.7016297008884427,0.9817453892403497,0.45743318716320186,0.9379200241364137
person_244.jpg,chin_on_hand,0.42724835453922205,0.4551628338078262,0.5205248709161261,0.37314951570341703,0.3621267323725294,0.338722616397818,0.6066599003586556,0.4283758867230148,0.25770225118084783,0.35367894979341974,0.6986162102670087,0.5776111412511166,0.1270925493455178,0.6487499667894002,0.862177766889853,0.9444443450229597,0.0913953720750862,1.0,0.4986751540298742,0.8951622928019931,0.3012386711735269,0.812926928283138,0.652193105018937,0.9386632915978765,0.2763753928663655,0.9660131325380318,0.730476772224901,0.9086886775738765,0.39118547723649066,0.8613196247319234,0.7019714220589931,0.9753408027012297,0.4368668934572865,0.9328140273864587
person_245.jpg,chin_on_hand,0.42697258033711744,0.45682325247052663,0.5199262899385741,0.37419565894406265,0.36250227484758524,0.3402959453048772,0.6067652217301441,0.4282685148804735,0.2598547772299256,0.35422725737878,0.6958839382761355,0.5799280887021094,0.13086523202945402,0.6512719129551511,0.860221552655972,0.9372146836047903,0.08680937127212476,1.0,0.5208524778839818,0.8928125299946899,0.2968406116790175,0.8174350716385405,0.651128999357043,0.9386209382442567,0.28120512800642355,0.9662748166137609,0.7226288338681308,0.9045346792130499,0.3867948972418848,0.8588501511905,0.7000674704794779,0.9722127121552466,0.4330279871248626,0.9299915134448715
person_246.jpg,chin_on_hand,0.409559428506206,0.4426802302439562,0.5003011892231547,0.3635156784580022,0.3424072234824036,0.3402849240224993,0.5938893618438679,0.4230932788231268,0.24374992447573007,0.3726358310769798,0.6960100708209471,0.5788901682989241,0.13047795138985632,0.6559623642509681,0.8759173029123348,0.9347418721594507,0.08388306131969654,0.9981604605433014,0.6283358796099623,0.9275568051016635,0.2921413060498869,0.7940956523129877,0.6355076955865714,0.9388759720864133,0.2701662009780182,0.9655300118968747,0.7046007726046722,0.8994381404401726,0.346560760926507,0.8464705649800403,0.6794002411892995,0.9551748220228786,0.4045347870891785,0.9214059900068468
person_247.jpg,chin_on_hand,0.38376963114584656,0.44086342544963825,0.47200300399644995,0.3579979376831872,0.3193732494635257,0.3331067078011409,0.5635073512566597,0.4124997526799876,0.22308987312428671,0.3590536358279061,0.6874459361906609,0.5733322538645019,0.11172459048083905,0.647001177557871,0.8649923358167434,0.9449303102892606,0.07584296900256107,0.9897818906658875,0.5875764031283143,0.9263511415627591,0.2624647961440967,0.7681621854377837,0.6099338296362963,0.937160441857914,0.23762354760436413,0.9603249061355009,0.6876372085946385,0.9053937156316945,0.3441821145655573,0.8675153361129656,0.6680039460825651,0.9721814450074602,0.3901282180191459,0.9341285606828228
person_248.jpg,chin_on_hand,0.46431421284004265,0.48291381019061363,0.5568684186289258,0.4068137295895037,0.4100823658620884,0.3490357580685625,0.624417128078569,0.45588720826579504,0.29898965153209217,0.3271271664884427,0.7009444295344551,0.5851648408350488,0.13332670636575117,0.6134190706140452,0.8611999795991733,0.9793322384867631,0.08664632195871705,1.0,0.5800275658743685,0.9123559544292356,0.29642794274498074,0.7815817389556018,0.627079076971527,0.9118006074441264,0.25128105555462027,0.9165140464781941,0.6662744748025031,0.912876925841641,0.3449991792628567,0.8357179281422423,0.6542808188654169,0.9654335467868982,0.38372017740796605,0.9049217920135509
person_249.jpg,chin_on_hand,0.560668668303364,0.5212371783596712,0.6450420573388526,0.4476150475179829,0.5051438575358687,0.3837336712856414,0.6910912705501652,0.4738073233026946,0.3713239384860379,0.33222773788859455,0.7436675377571801,0.585804734719417,0.1596893932820547,0.5934444522116198,0.8598758823619483,0.9771045378130189,0.09553545908341542,1.0,0.48984154489263637,0.8932658420064699,0.3565450457577722,0.8238723914166509,0.6598383676240156,0.8908858790639143,0.27494356839166406,0.8988386728451914,0.7492336274965165,0.904326072854857,0.39422030593651586,0.8505999948537402,0.7174627277042511,0.9939246434483848,0.43988677950010974,0.9260313348909638
person_250.jpg,chin_on_hand,0.6100756565192285,0.5594505560750687,0.6864710025170239,0.4798741847074945,0.555963627813628,0.4186221924237345,0.7143293909991971,0.4745478030476795,0.393655154153799,0.33485129182325574,0.7537724954832181,0.5744117984367556,0.14971477396445948,0.5761429533438021,0.8629400215177168,0.9655080544136069,0.11234653917367335,0.9999867671189371,0.49213930445833765,0.8915471296410654,0.38696526227108397,0.855052975633855,0.6817210147668259,0.8969015944151361,0.28507516701101054,0.9036793290635237,0.7582011335881313,0.9010825967029542,0.41948860761959944,0.8391274238227147,0.7111457005162594,1.0,0.4522844001779197,0.9356332080620593
person_251.jpg,chin_on_hand,0.625889815929012,0.5863101965390543,0.713626775259515,0.5029811718676314,0.5694995876679967,0.4309323979141408,0.74716510114858,0.49191868862112437,0.39626450117647316,0.3268588796753886,0.7578155190226284,0.575396939513986,0.1485612729079486,0.5704034114470146,0.8736613329751167,0.953245480337825,0.13059888551944815,1.0,0.528426326838433,0.9043692364817657,0.3890712668486032,0.8595184500379733,0.6751868041436141,0.8993499309446906,0.2754498442996617,0.9019678341873921,0.7320623063212496,0.8994718151674932,0.4031675723808093,0.8381969061969783,0.6877537362914611,0.9981794847992643,0.4290097402003518,0.920074867905366
person_252.jpg,chin_on_hand,0.6299820651640355,0.5999233745176498,0.7185564744430163,0.5198066492687411,0.5769290534890634,0.4428514020703321,0.7536893952578988,0.5087244594887513,0.4089157723088704,0.33080528658667474,0.7581763179256235,0.5991547881374608,0.16185968911522694,0.5612068979781493,0.8682190951118467,0.9719503953041546,0.11912790395064196,1.0,0.5407321536661686,0.921790563332676,0.38612532305326497,0.8802516246061362,0.6638300194446338,0.8955614531404489,0.2736198928850082,0.8866096292689487,0.727293957015122,0.9097801883566873,0.3838944643727401,0.8427076954457478,0.6940472753252525,0.9964461811282599,0.4340989613271199,0.9224139915062142
person_253.jpg,chin_on_hand,0.6292473937488854,0.6071648217752649,0.719252373949744,0.5258680805304393,0.576238717754883,0.4487354064776966,0.7549722753571415,0.5097841531522158,0.40739809186961723,0.33085186018463814,0.7564254216033223,0.6037024530902041,0.15631124991097708,0.5585069394233843,0.8649033320713945,0.9782725866953726,0.11488622632983084,1.0,0.5439156957900944,0.9195742783664494,0.38078918172549,0.8779752230790524,0.653726170526677,0.8814321079838957,0.26140168353533144,0.8702303976454301,0.724222346305468,0.9199875901302473,0.37877416666449604,0.8545769094541498,0.6956505801117626,0.9991800621770532,0.42207027565942234,0.9263478737393409
person_254.jpg,chin_on_hand,0.6153563724698822,0.5978781547592013,0.7139494942222429,0.5163627348563988,0.5574373419494066,0.43629528697521613,0.7666394427674875,0.5141780593783591,0.3981289410558707,0.3295965238981999,0.7743582586896307,0.6166235181904892,0.1603721945771896,0.565673797520098,0.8540037369162733,0.9821218452407988,0.11816178735100466,0.9998497373241889,0.5238592684055496,0.9164086084994928,0.37939532495344713,0.8780403778898124,0.6704771244711559,0.8739062239784409,0.27448243138705186,0.8595749496601112,0.7295821866256965,0.8921009522944392,0.38530347141189275,0.8237888904028705,0.7065618689275507,0.9903839457388988,0.4278541403744592,0.9145252910629665
person_255.jpg,chin_on_hand,0.603005365842651,0.5809980032446717,0.6988091758700578,0.500390986058966,0.5474040799093077,0.4205323621010817,0.7443751555753181,0.5018787834754419,0.3902769631341438,0.3197586955581814,0.7593596546163488,0.5962948220608554,0.15894537272178139,0.5720839965535578,0.8715528161674778,0.9528329514106031,0.13002403048867256,0.9996419242249257,0.5183847417361399,0.8961723631173631,0.3752552262724346,0.844104356652981,0.6795566496897214,0.8867184940491818,0.288840821333923,0.8799581422791063,0.7230067573277109,0.8863189646885283,0.39590191099721644,0.81510036745112,0.6974700783767009,0.9931339341577397,0.4327896325069497,0.9159386659285254
person_256.jpg,chin_on_hand,0.5875978086790185,0.5646337117585641,0.677741896520427,0.49291060705030376,0.539693451273177,0.41346489433067524,0.7212517889616692,0.51437526038012,0.4043433442020556,0.33350000110213807,0.758752279248319,0.6070392824052474,0.18171167503308228,0.5725309719167871,0.8645082164559593,0.9636538375345612,0.12220743169176737,0.9904180115812669,0.5349213486677329,0.8958271582986221,0.3683550881340529,0.8591717358895099,0.6836444177443047,0.887300650775795,0.3012525397472035,0.8770523096772866,0.7316120057590988,0.8828799014835513,0.38554096810302624,0.8217246109636287,0.7198034712856024,0.9785404899811975,0.43975435594355566,0.9122999343860466
person_257.jpg,chin_on_hand,0.5518996085728037,0.5131640835080736,0.6562359805658441,0.4524744512995217,0.5065016586462063,0.36694798093301606,0.7176581417522238,0.5058582153610909,0.3840377681456909,0.31017751944990635,0.7489252308463515,0.6125176343943736,0.17460650523925603,0.5723374496950386,0.8764827764745696,0.9462445568875076,0.0921307385213729,0.9570688714002016,0.5780679726492108,0.9064179609847268,0.3295778968004875,0.8057038932389584,0.6317030996356967,0.8765192390215579,0.25541570404770514,0.8594814626785079,0.6834056479208539,0.8723998502617033,0.34560939602717083,0.8104175937021122,0.6724235056578388,0.9630135019604502,0.3956795031000793,0.8878389814566965
person_258.jpg,chin_on_hand,0.5703999690709186,0.432350927298898,0.6735030437120789,0.3808351220897315,0.521576273085242,0.30446435001893574,0.7302798638656756,0.4600521791929007,0.39212531678272916,0.2876182104073747,0.7432875336096358,0.5801495766772585,0.17631543544580458,0.5472837838908889,0.8558478431022796,0.9624147849546663,0.11358834688219381,0.9497369847511461,0.4207753557952377,0.8335081254740391,0.3738395883922939,0.7875046994699721,0.6271124218241216,0.948001583777378,0.24588401499024023,0.9311322181877327,0.7270091271473671,0.8995175957459932,0.3512900652122225,0.826292220710198,0.6631941681498784,1.0,0.375622647206165,0.9347977186162417
person_259.jpg,chin_on_hand,0.5922928847081651,0.523893685402103,0.7077633497173611,0.46425969564385156,0.5505793560202266,0.3665847360236981,0.770547894077077,0.5255175538523413,0.4246800504774033,0.2985039562571377,0.7708403942853042,0.6457116352027666,0.18665746582062712,0.54156833675179,0.8306953529463225,0.991547653954214,0.09010538650887152,0.9178744536264436,0.4400908237046831,0.865160920768038,0.3739510721209781,0.8405739135796008,0.5991731548848517,0.8676933268046906,0.206950150683116,0.8122708134540703,0.7059949905001276,0.8444012706478483,0.2710968803644682,0.7320252150903411,0.6799186656909239,1.0,0.3184708479376083,0.8913814029747383
person_260.jpg,chin_on_hand,0.5933733413155593,0.5277297275893819,0.7076149291640994,0.4675568669869928,0.5504475342737977,0.36991805824793056,0.7669758431609615,0.5290735048521359,0.41944169426361105,0.30325638521128845,0.7685887664259531,0.6443168606915882,0.20111044928550773,0.5414589700152053,0.8759913387545769,0.9649554382846652,0.05999317255419376,0.8793712428949769,0.5552474534961604,0.9046367713094227,0.3696708238970595,0.8526632320212523,0.5703200951924488,0.8366719895522586,0.185333665612004,0.7667737724068301,0.6028893650731775,0.8003577688137036,0.10747383124691734,0.670536920532239,0.5912133546575428,0.9766716950805645,0.20239728411489488,0.8586446525727177
person_261.jpg,chin_on_hand,0.5800778156513003,0.5273710994069434,0.6900734988161605,0.46887382603962346,0.5371498922624545,0.37203117700104027,0.746314075586716,0.526426246215121,0.4066255071200935,0.30319969730287427,0.7602422691951679,0.632407518192546,0.17723577587107192,0.5507202283247058,0.875454493728476,0.9511452115334889,0.05530584086193179,0.9205323982488817,0.6616028154172234,0.9220861727617464,0.3637259348554024,0.8500020467039929,0.6080921310701934,0.878653250133681,0.2183208107138178,0.8314303048542299,0.6710952694021376,0.832677826496422,0.2104619511217453,0.7222029101621685,0.6692536903767838,0.988132271131,0.3015244196482326,0.8800933985229464
person_262.jpg,chin_on_hand,0.7034572363068591,0.4974353794928854,0.7855568123892993,0.4215815980583729,0.6281444397296135,0.36925822716625223,0.8393044934574154,0.4850506343870884,0.4769535781680371,0.36723758861400313,0.7874695707297846,0.7086438770885276,0.27828004770023557,0.582906383491384,0.8418831432580223,1.0,0.15058927068656583,0.9455636169176197,0.7009406169371177,0.8467614553744902,0.5433184697540601,0.9393085721901372,0.5491472441677283,0.9153940945978394,0.2141494480580119,0.8756147229110829,0.7061606832354386,0.9361531916622219,0.34204917129553164,0.8966129619690498,0.6218753167478728,0.979887866194003,0.36658481431242673,0.9417664900159957
person_263.jpg,chin_on_hand,0.796603369884996,0.47151733890459363,0.8694078468702614,0.4029862644355162,0.7226784796102405,0.3457533280741078,0.9127030265329205,0.4859793366381975,0.5641346405972807,0.3577618324031542,0.852057456994063,0.7509613499270114,0.33977435026389075,0.5486994176683659,0.8364813426002115,1.0,0.15497316914418238,0.9041712986601044,0.7793455043074408,0.8184385073018101,0.2910511974930559,0.9886022972070198,0.5681598643643795,0.9358410838570204,0.23668305033440926,0.8609279457751603,0.7044826891443158,0.9190167967332605,0.322962196976968,0.8618551805297859,0.6024157058389382,0.9796323878432355,0.27089938738673514,0.9635785183684303
person_264.jpg,chin_on_hand,0.7967152234369979,0.4583546802893217,0.8837927998682366,0.4055384495641906,0.7342536779255371,0.33242638948594705,0.9329294939764181,0.5049953138191707,0.5839730268866227,0.33612254479978065,0.8468828487193073,0.7706686518825259,0.33666236692152846,0.551918451445149,0.7927478058524118,1.0,0.15307804451285864,0.8983602150634499,0.8029306803749883,0.7966421649614926,0.2689503779501168,0.9784758543676971,0.5439027450671791,0.9408255533603034,0.21937685164847623,0.865324171648624,0.6958722446672944,0.8950273153354682,0.33366770019696135,0.8672655225010549,0.6270039069580416,0.9704503598143689,0.26719171301198524,0.9435492675973207
person_265.jpg,chin_on_hand,0.6950251369926991,0.416625478954916,0.8253380472288341,0.41028899628104415,0.7053339842662579,0.2651429657733121,0.9034771459505423,0.6053149419347434,0.6326102325919538,0.23861429924615066,0.8147524882769955,0.8118305961637764,0.3816083534142459,0.46087707024853763,0.7831807843496338,1.0,0.16878612896294146,0.8580329101504661,0.6800151820441901,0.8755245773026763,0.2220423714541679,0.9856316530643697,0.44640725747265325,0.9013492124618321,0.1577748331907692,0.7275089647889745,0.4814179279258967,0.9136511077163585,0.20665272160976142,0.7988790477395701,0.41707409408128043,1.0,0.15153631059991507,0.9225540650327988
person_266.jpg,chin_on_hand,0.6598880345809931,0.46990986614586433,0.7970244050050889,0.44681032507231205,0.6630908953113441,0.31338666096784157,0.891774083514545,0.5982314185861564,0.5859343783689912,0.26158968349475425,0.8051663847436452,0.7733880715525776,0.33200681760799144,0.4816629868292338,0.8180882627690438,1.0,0.12436139535846112,0.8893483357414478,0.663543133130064,0.8863206780032804,0.23113090340101894,0.9813008870600974,0.4627025156813297,0.9149608044946032,0.14288324333580274,0.7681455290387069,0.5240504295227741,0.9337406455598315,0.1975574182141588,0.8258362480579944,0.4580934277339075,1.0,0.1482266337068447,0.9259632085295344
person_267.jpg,chin_on_hand,0.6969194243854304,0.46153981607011674,0.8277662144650375,0.43372886150222906,0.6925734640762152,0.29767788882597707,0.8974276511739827,0.5970379089449589,0.600637147286972,0.2606122906680613,0.797486565477915,0.7568433432791667,0.32290239015088607,0.4862389558107567,0.8146911181231794,1.0,0.12299997454320201,0.9182881672756948,0.6957630190307749,0.8816511460119737,0.23046360465835158,0.9919476048438594,0.45130526701150525,0.8867399613596448,0.13045411897052708,0.7546479122154139,0.520929791363357,0.9383966637836076,0.1959390042997744,0.849952704064473,0.4658204907828208,1.0,0.157025076158254,0.9405738456117873
person_268.jpg,chin_on_hand,0.6878968263193042,0.45348567273517226,0.8219262118075887,0.43643233850044144,0.6900842574210666,0.2945650081516578,0.8967160821241298,0.6062527280637087,0.602714440679061,0.2543911501673723,0.7965185605887277,0.7546593132398507,0.3152435262879581,0.4768957932643206,0.8124428779318379,1.0,0.11251083713453805,0.9157220190004173,0.6902725537806949,0.8807803223097737,0.22214590312880278,0.9879178354147531,0.4506809745798691,0.8957683657660508,0.1279134242947084,0.7613367187846862,0.5156855516863107,0.9383881642746998,0.19196798570366924,0.8512754546423678,0.4638398191376149,1.0,0.1560208464502527,0.9365877328770263
person_269.jpg,chin_on_hand,0.6980877955960465,0.45520013663558706,0.8259582883015211,0.43118382955286183,0.6926298082010934,0.29778575674543956,0.8980718142432459,0.5804030741709809,0.6004372566757843,0.2520062676264833,0.7984643562214125,0.7309427835236065,0.3179370034436506,0.4794659260950823,0.8374719705884281,1.0,0.11223741451615443,0.9257825198798414,0.6939591773255488,0.887627364624899,0.21581036825804295,0.9936496721763461,0.45808029269406453,0.9032071620333714,0.13809947767080852,0.7799073282833354,0.5341354158604754,0.9321847387405875,0.20069257839579696,0.8490102980600901,0.46997322571902145,1.0,0.1626329989566162,0.9403505231447606
person_270.jpg,chin_on_hand,0.6953440492837141,0.45264091158182834,0.8256381138519598,0.4384025683650654,0.6999359154575109,0.29424079238878975,0.8946075681143799,0.5975251933060046,0.6137323844237732,0.2424616628041183,0.7786308742629356,0.7366808616595386,0.31562656144688656,0.4711116689780728,0.7960347382416527,1.0,0.11603442518497967,0.9219228449582263,0.6953008965697582,0.881280876150473,0.22181289891706946,0.9983169289831956,0.4281135941484183,0.8754396008665987,0.11778637626465688,0.7477052380646234,0.5123053984474845,0.9218529619163954,0.18988154794861942,0.8387829247808246,0.4519597961571373,1.0,0.14377895006930216,0.931433469772625
person_271.jpg,chin_on_hand,0.6935010700779005,0.45393007212261466,0.8232869016647464,0.4381019286262012,0.6991625488018135,0.2955455031613577,0.8947982283197682,0.5887320564845389,0.6160972895796943,0.23695692443538535,0.7815054253270011,0.7295245674099514,0.31124205452984854,0.47232686988768746,0.8071589468717785,1.0,0.10800237581451391,0.9382019125567708,0.6955893365911425,0.885574773416122,0.23347048867630305,0.9948551640309201,0.4364815956954323,0.8807026432085711,0.12245271049425717,0.758864860017588,0.5247434253437635,0.9225869099270788,0.20381224804114859,0.8480317893261672,0.4634684007795472,1.0,0.1593764374318722,0.9281527911553331
person_272.jpg,chin_on_hand,0.6932927918702764,0.46074793691975036,0.8261888721794503,0.4459878292382345,0.6990365218915457,0.30224835608825346,0.9011645296136196,0.5969011117205971,0.6151201677487673,0.24126132633946035,0.7748442547261309,0.7307674434786372,0.31199043393708975,0.475050397339286,0.793606350126309,1.0,0.10864765529583235,0.9342477099401494,0.6950020563066243,0.8884393007208846,0.2181094514730434,1.0,0.42091853950398295,0.866231688679877,0.11247294645596956,0.742916978410179,0.5061384435167114,0.9153650068839688,0.18473531454095674,0.8421913567118634,0.44828008270586656,1.0,0.13563808954107537,0.9275313429775282
person_273.jpg,chin_on_hand,0.6147959672170255,0.5165169485771275,0.7610330030988485,0.4995878628818959,0.6291206751231139,0.3336031754008099,0.866242817821653,0.6518343012006681,0.5589452618017574,0.23541321070039448,0.7870559343250393,0.8278596240717905,0.3143853546441517,0.45830720494062444,0.7821737008298753,1.0,0.13581657804367178,0.864989704753892,0.5861943940755766,0.965810412120133,0.2324554413354312,0.984374789628205,0.4826402238964956,0.8683303829670815,0.1639213557736469,0.6857173288278366,0.496876810045208,0.9200407178298882,0.21260883682341714,0.8020682128875362,0.4527020573969181,1.0,0.16754515294617509,0.87018904949378
person_274.jpg,chin_on_hand,0.5898863485849681,0.5288176041933234,0.7293099113550849,0.5039370675822826,0.599404455302261,0.36326656239977534,0.8568027736488641,0.6298545047431751,0.5386143161292538,0.27392416698900857,0.8409439432515563,0.8552521027520041,0.31133730199610493,0.4899311196760308,0.8192361182651695,1.0,0.1303131147380143,0.8763232048004702,0.6387958248097838,0.9366184321875949,0.20760003213194209,1.0,0.502897945517962,0.9260446870420797,0.15655322987338544,0.7529837311402059,0.5319371881852566,0.9151340992804499,0.23824302050066962,0.8240515366009834,0.46513629094369796,1.0,0.1887364359053604,0.9483721641563377
person_275.jpg,chin_on_hand,0.5236126775479616,0.3862938220309909,0.6468820860393386,0.33874536743856815,0.4974316137844547,0.2871883657448779,0.7871774504541263,0.44712418451324376,0.4293670463571851,0.3085947320674276,0.8544969486084153,0.6938606102437748,0.2641114947279967,0.5718229069907776,0.9121790000435884,1.0,0.10875452063566626,0.9473357262866419,0.7094408454720063,0.8150012272134931,0.21606205795877811,0.9347963842629193,0.6336908475048011,0.9611335384565316,0.25451763646084696,0.8959343976415804,0.7014961502865841,0.8984716106871988,0.34554778620650767,0.8181814730087613,0.6177658665630852,0.975079294264099,0.34005710753697654,0.9355906829409188
person_276.jpg,chin_on_hand,0.7185712607363269,0.547882518554577,0.8328488568922024,0.45303733074542984,0.6365817308929889,0.4052270444815939,0.9409444222339368,0.5469077534318867,0.5039635487953196,0.425741830817143,0.9245293998734387,0.8595603293139845,0.3510299297739941,0.6203570173670455,0.9091174493135814,1.0,0.14665850333928238,0.898137934604414,0.8060512728044201,0.9890172804260726,0.2537830519905217,1.0,0.6648095645860755,0.9776581965035714,0.3099231397147748,0.8762710547115847,0.7137732420898297,0.9925268501663493,0.3622924057997607,0.9125242486173153,0.6333697539570524,1.0,0.2988908748891796,1.0
person_277.jpg,chin_on_hand,0.8347630870804313,0.43191542821073164,0.9389138266807877,0.4008691719704853,0.7956953084999684,0.28169214881778903,0.9861555510355807,0.5819472317203387,0.6539253058581211,0.29654501029288977,0.8645236141406631,0.8715757466791445,0.35370326209697217,0.5484084340255838,0.8298221311992818,1.0,0.16385935319160874,0.900260345760901,0.7904303171853337,0.9137518569563184,0.4368815914675345,1.0,0.5305890267481197,0.9508633351291187,0.20067928207214347,0.8244295902311001,0.6834287203873463,0.9423981366086044,0.3369811283259806,0.8586950019175883,0.5961542418015061,1.0,0.262070466017193,0.9829380719215269
person_278.jpg,chin_on_hand,0.8620054191284864,0.4287685545355335,0.9652943595691876,0.40051122520912014,0.8281740472681768,0.2613985368602745,0.993543853343675,0.5844490073537806,0.6715066417307052,0.25683539817103745,0.8572968195015357,0.8780580687738523,0.3332656963325151,0.5306492900534521,0.8433032005234721,1.0,0.13212974744603798,0.9053785984199519,0.792108240983765,0.9211608800743912,0.45027046755670275,1.0,0.5039213371160548,0.9562861920917054,0.15800594364012313,0.8162451292777662,0.639637547359824,0.956652183440863,0.24838534451614916,0.8610166387047815,0.5542988976220861,1.0,0.15837547186554482,0.9880596164858882
person_279.jpg,chin_on_hand,0.7300734965517477,0.4981246678490706,0.8627401949232257,0.45869274998559345,0.7033141833912497,0.3314661382132041,0.9476516588441142,0.6369565530577094,0.5893722246735102,0.32040687288303804,0.8691907472772903,0.8807033115847841,0.33174256605762353,0.5457524699223327,0.8208553855834132,1.0,0.13462799104508225,0.8976470908380768,0.6972793141564855,0.9619946503691277,0.27354014389657405,1.0,0.5456055420324963,0.9891465882096825,0.1931281473466554,0.8378564019490456,0.6046991604794097,1.0,0.2729529361743204,0.893078935068095,0.5233741951708065,1.0,0.20158607449159505,1.0
person_280.jpg,chin_on_hand,0.7461411725170856,0.5278362732436375,0.8379856122800734,0.43667431388469596,0.6394690341535728,0.3989439936642526,0.9217523878525461,0.528786490035911,0.46320039365963867,0.44460133653753586,0.9009482035953716,0.8433538046272027,0.27974812981353003,0.6466052346206453,0.879200816685963,1.0,0.139883942910485,0.9462129196206543,0.7737074534330366,0.9637994866736781,0.432115978587096,1.0,0.62321127446004,0.9778514768576292,0.24311938359691954,0.9049825349165436,0.7309789910183192,0.97940337167841,0.3523890783313959,0.9157267854256013,0.6274869830405434,1.0,0.307777535880789,1.0
person_281.jpg,chin_on_hand,0.7784896762890312,0.5405833408396558,0.8720764180066982,0.4610185529534629,0.6839393336347801,0.3942896878588728,0.9374399363183278,0.5710399095555039,0.49530240607394177,0.42132266751807684,0.8753010583803241,0.8800043016429779,0.2799062030432685,0.6460277730956163,0.8522721232724016,1.0,0.1333121208037292,0.9172835971842819,0.774832829312714,0.9787044146985981,0.37001495058246814,1.0,0.5746258260921041,0.9687273231027361,0.20821009913735014,0.8782152700299153,0.6976255401795329,0.9629305842059247,0.33096143455058197,0.8855314074934204,0.6051724984854191,1.0,0.2774086874597739,1.0
person_282.jpg,chin_on_hand,0.7760963878432902,0.5538952633970541,0.8768232120261978,0.47600513729288185,0.6845418792127902,0.40996649000697855,0.9493579289983208,0.5762770403662167,0.4991574340079103,0.42532068194697137,0.904430371083647,0.8517489338669563,0.2811657581231746,0.6175213359561457,0.8862750777898917,1.0,0.11652542197534597,0.9297559106345036,0.7691828838364144,0.9859119610761724,0.2905612809269531,1.0,0.6246135971160044,0.9882332416058088,0.2421273764712436,0.9011853325383746,0.7111588664560438,0.9861246854191054,0.3527063560906899,0.922346972903055,0.6288466405112249,1.0,0.2968200606403043,1.0
person_283.jpg,chin_on_hand,0.7554562200775482,0.5475254690536138,0.8581476160946343,0.4645523834379841,0.6648909010082746,0.40113266554643057,0.9361080100536516,0.5730654240011356,0.4918391898534501,0.42746529442950615,0.9070344688095027,0.8567818353312432,0.283823685794294,0.6175757636177803,0.8959656947027247,1.0,0.117931669421727,0.9258352705343431,0.7676172355354886,0.9854045177764449,0.2788107083611412,1.0,0.6262795911711528,0.9828948486349521,0.24018132578559875,0.8901681053511982,0.6987287845425932,0.9901993971675476,0.3483513025267149,0.9169378599284261,0.6141779711804299,1.0,0.29780582344922885,1.0
person_284.jpg,chin_on_hand,0.763250597369631,0.5478108647157238,0.8662736387787516,0.4657880702356022,0.6685698439658716,0.4000906130904841,0.9452969529228672,0.5766613963538058,0.4871366977505838,0.4258081033081194,0.9091203318732869,0.9027589082909939,0.282675537918354,0.6507107876819891,0.8794976038554672,1.0,0.12358063210779076,0.9079344153456954,0.7782819396740157,0.9859780358555806,0.35673623059667636,1.0,0.6012199812158217,0.9810297660813205,0.22033733941425715,0.876662961205835,0.6807928284409271,0.9697098786587037,0.30808325324599717,0.8807421818768925,0.5994062554081966,1.0,0.27133779943236075,1.0
person_285.jpg,chin_on_hand,0.730310164349931,0.3779087283606851,0.8220526216715158,0.3225082203408436,0.6393957672867809,0.28572366640823943,0.9023971533220982,0.4385127961167668,0.48299109379336747,0.3560111184557001,0.8978664417919011,0.7181100900104508,0.2260649735105433,0.617358177794248,0.8844516358677166,1.0,0.16444125173074933,0.9946293684984847,0.6896998895393174,0.7618930100585601,0.6509477606979082,0.8209373555935217,0.631238648632078,0.9697716159056817,0.20599470684699725,0.9386068628439007,0.7319383573966658,0.9163802673730168,0.3427547742692228,0.8721046294452067,0.6523430573098968,0.9842929395928276,0.31765774246392653,0.9740525943107385
person_286.jpg,chin_on_hand,0.596312431266833,0.31111819996319795,0.6944662085802478,0.27364555040583965,0.5236215531186631,0.2362458848793816,0.7874518526776726,0.3995972250308874,0.3930294855055,0.30758348000647684,0.8041385957666759,0.7767656177268265,0.22014862561986343,0.5891986605298938,0.6502267948435542,1.0,0.12819774789028335,0.9421527279331652,0.47247264505430997,0.7245717016110547,0.441808318898548,0.7709761110349336,0.5674017614340803,1.0,0.21114355757519368,0.9670095387544881,0.5997188955501765,0.9194300864331147,0.3199229186952902,0.8790061047589528,0.5531659098549642,0.9741607466175939,0.3787380982526916,0.9476619242762907
person_287.jpg,chin_on_hand,0.5880381106360199,0.44535813241902716,0.7036531705015674,0.36993987442987086,0.5002668501543107,0.3396510323387524,0.8270427081911101,0.47477473032376544,0.36970142252491073,0.39292973405755566,0.8570161042851484,0.8850306156799592,0.2575282091975435,0.6332387813076734,0.7817616571205327,1.0,0.1480278908428761,0.9325951136688916,0.5176375244849211,0.8925551652630835,0.4681047826198629,0.9020395522811113,0.5817683486517579,0.9956585153162384,0.24103794436160764,0.8890780162691072,0.6013716963099247,0.9411959186558635,0.37272680573335804,0.8525710662403078,0.5324402730144739,1.0,0.3772409532525573,0.9868115671210903
person_288.jpg,chin_on_hand,0.5699952276638393,0.4383263008159713,0.6843456075272708,0.3646176843267049,0.4865301215385431,0.3334672653435749,0.8068106402113171,0.46535280292826436,0.36045664854488135,0.38105283037968546,0.8324854859376147,0.8581523600396981,0.24748530973241828,0.6154060138492208,0.7677967920969683,1.0,0.12951895712349187,0.9175825717455649,0.5086568536961529,0.8811377436736599,0.43529079372236035,0.9033474519455613,0.5614356903490935,0.9876493279054622,0.22469454627430926,0.8833788342634905,0.5823937516292256,0.9321839219832587,0.3348172792464982,0.8416280003930897,0.5238638329284201,0.9933635801841628,0.3524982937687655,0.9759411628771627
person_289.jpg,chin_on_hand,0.5716078137117734,0.4480841745142686,0.6860424427664756,0.3709399326625201,0.48716222723800123,0.33911642450855406,0.8075801757155833,0.4618771532027934,0.35962034383639346,0.37665586351995045,0.8338386317292685,0.8494957261637199,0.2382408212388337,0.6133744928969462,0.7646074721734867,1.0,0.12603006179229814,0.9210820105660581,0.505360203896633,0.8830001120468292,0.43208474152096465,0.8941579568604282,0.5498686296289247,0.9738322273324987,0.20679124019032435,0.8735392367942154,0.5825038417563837,0.927581848525869,0.34404936893169913,0.8419180509965928,0.5040878275693775,0.9877807253370415,0.358490965326883,0.9691648248121884
person_290.jpg,chin_on_hand,0.5746351950734473,0.5402728278057483,0.6924428287085123,0.4545412113850138,0.5007537287023758,0.4017837385908139,0.7939437540994755,0.4996311707490432,0.37306073509319215,0.36915396926802,0.8022470864755173,0.8040852383759127,0.22017166293106305,0.59452435324882,0.7258453151435238,1.0,0.1360182110801655,0.9571496733489591,0.4754274120499869,0.8401748239473887,0.447345919463722,0.8334155948672485,0.560029759707355,0.9443322570088734,0.19999306916135745,0.8569788568574367,0.5755681771146992,0.9253636983137788,0.29973742242982265,0.8470041309139064,0.5116306544022103,0.9738554262964048,0.3264974976756722,0.9213833269588314
person_291.jpg,chin_on_hand,0.5930103696480414,0.5290019334487442,0.7138861008288386,0.44481997700144044,0.5189830039094202,0.38345094910526917,0.8105490410554942,0.4975761090628539,0.38208092520671005,0.34705917415832543,0.7900742571767502,0.8093482927810766,0.22441322072233705,0.5805620500571322,0.6992053359362378,1.0,0.1375321686469863,0.9532894858391097,0.47170890749235883,0.8360175999531776,0.44735245090000647,0.8339928528341672,0.5428313648282889,0.9516028259072152,0.19333411692317082,0.8549298492686758,0.5555395627015108,0.9436955370468442,0.293133464365217,0.8465723393974603,0.5018206311552844,0.9892150591881835,0.30915063024859757,0.928984698689066
person_292.jpg,chin_on_hand,0.592604596634378,0.5295671758807023,0.7126794997730633,0.45620406679391995,0.5267083857063257,0.389020854855588,0.8073866899630838,0.49320314084877637,0.39212827734693356,0.32900903114536667,0.7911467680972754,0.7925800527447276,0.21761796454649016,0.5724603293097458,0.7003870437191961,1.0,0.1276960518917252,0.9512331540583915,0.4773532511096873,0.830192640778142,0.4417907902681332,0.8378237544096213,0.5339140082200446,0.9484551847237128,0.1858039733383267,0.8561413997907082,0.5551502165166762,0.9332155202599878,0.2946361445054234,0.8497761462337198,0.4909469621478283,0.9913894466356322,0.317837352228523,0.9266819495597576
person_293.jpg,chin_on_hand,0.6301923476724155,0.6004414932511486,0.7301803766483431,0.5054483419444515,0.5478322397759153,0.45614958479262413,0.801136084464212,0.4900398252387773,0.37735511078372835,0.36810206129831907,0.7793387383750501,0.786662399815243,0.20553643395627694,0.5612117484078147,0.6848035411109231,1.0,0.1348732466163373,0.9491589785469633,0.4850116527601814,0.8330708394248042,0.4704429635147249,0.8477036406262175,0.5476296532146905,0.9267963856083516,0.1948797355700933,0.8388036571331314,0.5572362487986127,0.9160039559130633,0.26488270177611417,0.8320162576342767,0.4973243988223631,0.9728857006685608,0.30894484194383354,0.9141452349847795
person_294.jpg,chin_on_hand,0.6219565723853833,0.6141243433670567,0.715794758939661,0.5269262074259504,0.5429767628718263,0.4834727774690186,0.7866719151739198,0.4954624740506575,0.37328465494172197,0.3845513198344034,0.7838129486488795,0.8181834578637057,0.1983734707413284,0.5813789416315953,0.6796563222112212,1.0,0.14331994780242807,0.9630242985315461,0.48558764339700555,0.8192580429669828,0.4900605907521324,0.822120933660808,0.5535840435868208,0.942547889938042,0.21058568574487163,0.850727429573858,0.5702872017539267,0.9019154898410755,0.2918692829870059,0.8177408232908834,0.5006382999765082,0.9457099981034754,0.35336754266263065,0.892419272189506
person_295.jpg,chin_on_hand,0.6025279495843867,0.609918729920267,0.7042203847299277,0.5434107165959343,0.5303777720530621,0.48840626785519325,0.7853932204105246,0.5225960043944572,0.36416885558876116,0.38534701567058677,0.760024012539584,0.8000414885990048,0.17947370060771692,0.5666237978251489,0.6411961112281738,1.0,0.11095381170591205,0.9417803542605884,0.45882844400552475,0.838339558769224,0.4497040139599686,0.8555539388721539,0.508748463622912,0.9546225055928624,0.1674449190598528,0.8646563558710672,0.5517137576642981,0.9150829626275281,0.2819320044474118,0.8320899065124021,0.484250447303899,0.9604238614066641,0.3370002482323079,0.9117335138898367
person_296.jpg,chin_on_hand,0.6176641972953503,0.6134873180743596,0.7176759467032706,0.548474851403025,0.5483941239897941,0.4952892967950111,0.8013744562156987,0.5203070952433183,0.3867974481673883,0.38724424975543575,0.7803203608394887,0.7951342948070624,0.19325153332494704,0.5645312980839736,0.6459887065534687,1.0,0.11969775651621006,0.9354349735697933,0.46798252324896233,0.8466458441348362,0.46256738646020545,0.8715860673868073,0.5291823112833843,0.9337118598174379,0.18583835087024878,0.8440232628451371,0.5359013125932358,0.8908382074166474,0.26553032588857195,0.8127869017451451,0.4679130609126181,0.9487187478203056,0.34520913639946843,0.9021875260973079
person_297.jpg,chin_on_hand,0.5198198400064178,0.5938523705220073,0.636624917413624,0.5376380780825261,0.47000944223428387,0.465303976585605,0.7612826334813693,0.5365736346660034,0.3682920520991494,0.3603155413779109,0.7796631937192597,0.81764509686341,0.2161077052320365,0.5650664979757833,0.7196894352494425,1.0,0.12485259421582441,0.9150730873234056,0.4350414963470509,0.8664891989470216,0.41765968241882984,0.839831810010123,0.5147972849016064,0.9168408201113475,0.17683967440937493,0.8064387704445347,0.5392492014480713,0.8723146392320416,0.2427418135976572,0.7939003272630915,0.4868984338159577,0.9310226015631505,0.3014407175869617,0.8628523226055886
person_298.jpg,chin_on_hand,0.4973971290630493,0.5962220009613312,0.6292819169530401,0.5266673768683365,0.4501868749085094,0.4507568294173253,0.7792655800378884,0.5355776020350376,0.3626136414373795,0.3493883129985356,0.8136989368313496,0.7830871039003944,0.2393123333248497,0.5574815548460422,0.7383584312086421,1.0,0.13773596212499073,0.9667556932742241,0.4647863007454548,0.8587468810272587,0.4313377893718557,0.8505763071066451,0.5895609900626874,0.9306416690044512,0.2318052952019898,0.831695402674246,0.5709359266086352,0.9221472619772796,0.31233531901126493,0.8550189283110673,0.5275743366818686,0.9632669959183157,0.3390652296670808,0.9209304467900253
person_299.jpg,chin_on_hand,0.6593958773406282,0.606579565863897,0.7432444968993996,0.5115334958749135,0.5693190741405049,0.48002185513770207,0.8019941060975903,0.4832301360011457,0.3681639905578409,0.40141260821304275,0.7864424482263158,0.8031294261470276,0.17341712159748626,0.5999567397070883,0.7340810502081059,1.0,0.14155187173111528,0.9337919472264844,0.5254020007316117,0.8597772371101908,0.49515586087836283,0.8865443917833197,0.5465868817625578,0.9514121299382379,0.18733768074813276,0.874873071929432,0.5820304435694877,0.9374337740961246,0.3075754338492841,0.8493618938388909,0.5139653080867406,0.9884658304986008,0.31362786103491735,0.939788772290132
person_300.jpg,chin_on_hand,0.677198877625941,0.6237565760604316,0.7582325109929334,0.5235837121995063,0.5834127993821244,0.4975995973608315,0.8139900552960638,0.4867977023001621,0.3722706271412862,0.4182403715375154,0.7975916470158464,0.7976694922303764,0.17847005573480468,0.6175955392925225,0.7584219855191435,1.0,0.15632705135769567,0.9513785120957454,0.5541352731743798,0.8594443654007685,0.5141867128664372,0.8854008962887375,0.5716182274895502,0.9406235663166754,0.208655728731869,0.874198618020778,0.5975489500382494,0.9436565364912709,0.31931386813081275,0.8590962552773854,0.5299869354204201,0.9894242667161071,0.32124907653740886,0.9458062213155195
person_301.jpg,chin_on_hand,0.6394018781087586,0.5508315916646256,0.7159686067250182,0.43610153535838175,0.5275006094973165,0.43093731064315705,0.7836957255617009,0.40150461583632313,0.3393548323713414,0.3914653219310037,0.791753422922297,0.668587483975077,0.16376208708603565,0.623263662711539,0.882203382095209,1.0,0.11513719594723826,0.9757449579836815,0.8253985805871813,0.885224817613813,0.3675266379417323,0.9621910590451838,0.6206678920018832,0.8910669341780282,0.23824133529626657,0.879901812364081,0.7261879553854236,0.9341511074224074,0.3600780546754802,0.8688499253773451,0.6360988520686781,1.0,0.37615895940848904,0.9745889169056499
person_302.jpg,chin_on_hand,0.5162060364212209,0.5267932045010386,0.6070672829151703,0.42418174061558384,0.4238720268996226,0.39627437951686073,0.6919661989961046,0.45826351750070365,0.28272215759964614,0.3975098483854454,0.7445606537614514,0.7063397582680313,0.13343150345253146,0.6673371787827098,0.8365015764213548,1.0,0.11055391449150656,1.0,0.619709434392487,0.9333154309399577,0.39723428115771653,0.8999167716968,0.6497990778724205,0.9656385459665914,0.2704066430170772,0.9597832155130478,0.6935228543525965,0.9663955778287134,0.3914551257217079,0.9128899587882066,0.6775614033001793,1.0,0.3968268299979896,0.993731361090574
person_303.jpg,chin_on_hand,0.5294788275576342,0.5971033903796581,0.6201073064304231,0.49647924657791753,0.4505333132229083,0.4393750733079607,0.682306649700072,0.5297197689234512,0.2991797778554754,0.40350546171588997,0.6894406338017147,0.7252509860404746,0.1264623841894911,0.6734701147821376,0.8871908344616783,0.9532462419505571,0.08525782591056284,0.9837737537153848,0.9006614942515886,0.9927294695819662,0.3541530693421558,0.969161021807015,0.5719094166377306,0.9388137437799999,0.21653636452702177,0.935958165496532,0.6952261072758177,0.9218911334716721,0.3274434668033809,0.8821755028838102,0.7128825215813008,1.0,0.35885006892750726,0.9636043311856888
person_304.jpg,chin_on_hand,0.4799398898205757,0.5689015526986604,0.5751356082180388,0.4794543575887447,0.40980809766552795,0.4185690299775773,0.6410636455795853,0.5223013989517459,0.27379245736740077,0.38807834643476485,0.6734504316489838,0.6740626833457082,0.10283219325246978,0.6760401472921684,0.8960115027396002,0.9666154642259239,0.08247301779760176,1.0,0.8620821218390152,0.9691428518782348,0.3289303281668237,0.9349112004780755,0.5956938102784064,0.9152042632592754,0.23126783566899425,0.9370341893549455,0.7394582664499546,0.9152480952287226,0.4021019532831232,0.8815048073480248,0.7684570178564429,1.0,0.4427940358331365,0.9617933892176984
person_305.jpg,chin_on_hand,0.49409602304550704,0.6042971201585076,0.6024592073042377,0.5155409864042907,0.4368290974326137,0.4363850536152014,0.672162842406685,0.536408211919751,0.31230564279972073,0.35608587184110846,0.6940245810176052,0.6772683429395512,0.10574188034162496,0.6336198276111399,0.8297350325440698,1.0,0.08052463726587684,1.0,0.5569636928984801,0.9169006598988624,0.3457293070227872,0.88781165508854,0.5986207595115229,0.8900236252995897,0.21386106811359432,0.8856821440309794,0.7199511947267357,0.9128933228119283,0.3991948354973356,0.8603031857608494,0.760553931186477,1.0,0.4364385715837317,0.9304852926305106
person_306.jpg,chin_on_hand,0.20692361740167908,0.4730118741181965,0.3228077896855651,0.44783005830533945,0.2506358100638124,0.3622817344012957,0.5452300102915246,0.5874759065591144,0.29909034925572514,0.34817416747873003,0.7171423819519288,0.7984229123003047,0.33042609488942815,0.616442300450756,0.7347498124202783,1.0,0.20428323184503228,0.8665666513846981,0.22287748677702124,0.851122365614368,0.16601516020526083,0.7990186083977902,0.6393801960232817,0.9415705243757898,0.35576242588149753,0.8036367744298398,0.46905532212992007,0.869640703833445,0.2275487686084255,0.7559504463317978,0.484892775379097,0.9226900865459592,0.19925097525349186,0.8171595984459927
person_307.jpg,chin_on_hand,0.3180922596098127,0.5210952940727985,0.459565694618488,0.46375947249966193,0.2962558253892227,0.3695580503407449,0.6140990099296101,0.5370414796237956,0.21955982425152296,0.306570671583019,0.709143189891045,0.7388680079787805,0.09589393183936669,0.6370133592909804,0.7705577791079312,1.0,0.04877550486405491,0.9247520748817446,0.32607217678813666,0.8889486550348836,0.24783969080485724,0.8713676577441994,0.6470778499004136,0.8827865577360945,0.2449337447367761,0.8297350073361365,0.7514244055809316,0.8363375639774813,0.31223369600875567,0.7532599577497585,0.7956343873064937,0.9910813246389841,0.3187752287496465,0.8934746540870666
person_308.jpg,chin_on_hand,0.5639943543466156,0.6240938243766502,0.6285521587588485,0.5097895213838148,0.4725865347892152,0.4969679401371512,0.6724863144753751,0.4610681203138662,0.2766444312114556,0.43014646519888955,0.6807589099323469,0.6970700015452114,0.09469200139385373,0.6674547645061888,0.856222350280853,0.9766633024598241,0.08497589883573822,1.0,0.8284526503212757,0.9766249726716624,0.3671367778890282,0.942158880577869,0.5991440162469147,0.92457338745446,0.23671449051430807,0.9394735250009716,0.7120144900041301,0.9196740525630942,0.349686732916245,0.8810264743980387,0.7499520966595088,1.0,0.37318286167378006,0.9460289204261578
person_309.jpg,chin_on_hand,0.5388243284515855,0.6264843327960751,0.6149557959952023,0.5396547386843666,0.4669837821423203,0.5050087064621542,0.6670630998239572,0.4772405302694852,0.28795601990580383,0.39310202446001113,0.6818386378876532,0.67094277756622,0.0786214395972916,0.6262704073273763,0.8649636264621577,0.9698118784261285,0.0997985153900405,1.0,0.8074266360931082,0.9677828382513128,0.339567122471647,0.9125102949902142,0.5804155771450036,0.936034416816479,0.21454938020544118,0.9465301178278235,0.7510024453180153,0.8963483365288393,0.3481759785958698,0.8821689247380866,0.7858111123699371,0.9987571290039763,0.36819763842431674,0.9617077562234876
person_310.jpg,chin_on_hand,0.5459538778854871,0.6448976447008564,0.6279046542929128,0.5499480618627972,0.4705694154079056,0.5093667884192287,0.6758608662571451,0.4966526346618776,0.28411636276515706,0.3990680274058803,0.6810970491289613,0.69342248166105,0.07834878174020256,0.6344522818660919,0.8419086033481141,0.9798431643766654,0.08706484869201599,1.0,0.7680726791746847,0.9661900311710141,0.3652076067341996,0.9217612900309745,0.5842471751443513,0.9056403075453316,0.2109703663835085,0.9065856229787953,0.730574795887068,0.8935071331334143,0.3344883777546034,0.8632667973573724,0.7725639458290551,0.9938175015360529,0.3648751780581133,0.9261049975066035
person_311.jpg,chin_on_hand,0.5394084831900814,0.6382836639504036,0.6356310947541097,0.5366909506938845,0.4627769089472405,0.4787082642979148,0.6962762071348068,0.5128680842611066,0.2934486653309223,0.37954060233689974,0.7080596036570898,0.7063999085332363,0.09771901647982706,0.6289344074473402,0.8352351290913178,0.9968079702713997,0.08001845148567618,0.9753282942827635,0.6236024273110822,0.9526550802878323,0.3623922006370196,0.9369745492914756,0.602451159369151,0.8863687144537935,0.2158487425104665,0.8683915959544027,0.7069488862129149,0.9017715978986829,0.3169817584032773,0.8471055327677439,0.7428458443128564,1.0,0.35565028391475695,0.9197428061125396
person_312.jpg,chin_on_hand,0.40992840643160217,0.5558765850536601,0.524661809252542,0.467458472972376,0.3468349444221433,0.4013533415949652,0.6153562483316507,0.5517510196632089,0.22649308849957717,0.399978290102444,0.6623847603206495,0.738062963496896,0.11297526206436653,0.6870649074572813,0.7729543285619316,0.9783677649797438,0.06028849879925993,0.9398033165464005,0.4000246397831369,0.948668488152183,0.288117032899827,0.9450507426051945,0.5833931869084312,0.9226252402556289,0.21968953814314748,0.8985862199678324,0.6886374149832453,0.9043091407229396,0.3523104452378168,0.8215401220479761,0.7178694148658512,1.0,0.3750412197759336,0.9452049034234865
person_313.jpg,chin_on_hand,0.2237728752246915,0.4228469767633262,0.3259721739314808,0.34541518204923205,0.15879228727752853,0.34303911620763944,0.4626944969680081,0.45433873025964727,0.07870072783766606,0.4401295541629185,0.6519363093840446,0.7404496532406879,0.10720430032992131,0.7577456200777293,0.774511521149908,0.9933096201311514,0.09198440162291065,0.9700151853169328,0.30648693016140394,0.8939032501622156,0.19363041415583127,0.8670230223072095,0.6515225607192039,0.9416931014838683,0.3070590892857736,0.927931335981798,0.7209160114675309,0.8755206711558908,0.3691868909650817,0.787525084856831,0.7560750950040446,0.9481144723005759,0.38654487943941745,0.9212949206304656
person_314.jpg,chin_on_hand,0.15542801202809833,0.35213313213211994,0.2364653176452428,0.25629793054323746,0.1008254732543735,0.3151162586667239,0.41018564539778585,0.339152913115531,0.08186978394608622,0.45405998274920983,0.6827558576181734,0.6162517060822666,0.20355639353519903,0.7638278221486456,0.813420612497144,0.9379550156933466,0.24566869322351415,0.9773951712868892,0.3300150091838075,0.8345583095849776,0.22371714376563986,0.8099260489831953,0.7333467549227183,0.9593112068070435,0.4139713284633958,0.9768220059525087,0.6963366615173756,0.8981165083797424,0.4173331271553915,0.8263628791301982,0.730063440976968,0.9426937625110283,0.4455676429750433,0.9137701213297842
person_315.jpg,chin_on_hand,0.01221205181438888,0.3121506632664945,0.06066551273578799,0.21974662883212373,0.0,0.2828815105435158,0.24778314059506767,0.2617956493812963,0.04892433816107732,0.37673709332408317,0.5320337441166657,0.5278830518260696,0.16245921120197832,0.6268074468936378,0.6679917848790928,0.9871150261062169,0.14748000277392478,0.921782982812661,0.2185201345189796,0.7145795966026005,0.09910764289951855,0.6267458814242036,0.7610066166058224,0.7766964242205735,0.4814653702037677,0.8246394606334275,0.7765982490359968,0.7245317444708415,0.5752881426059292,0.7544397657375366,0.8784098838728902,0.8390645856497602,0.6267642108973378,0.8021079033559462
person_316.jpg,chin_on_hand,0.0,0.29162092642880105,0.042212260231073315,0.19993538472598468,0.0,0.2677030997164086,0.21939287478457128,0.24500966500095397,0.027864076245734067,0.37267605868816567,0.5134133233993913,0.46967577198566474,0.12755961616048592,0.6421609711737283,0.7863355307176682,0.920693191599219,0.14089430722353144,0.9402323919869575,0.5933604629107815,0.7669935948462477,0.10710852808908526,0.5567618320921384,0.706598361718299,0.8454569817205129,0.4189725044950633,0.9226464644716187,0.7536819037144483,0.7960251665069413,0.5427556363977089,0.8280200584149523,0.8538250452690284,0.8613980150393669,0.6460056933677747,0.8348414259149276
person_317.jpg,chin_on_hand,0.04146656175573719,0.32038644258784393,0.09678699901722361,0.2169876732683519,0.0,0.2973320278174898,0.27160481064697134,0.2663405481838105,0.02142073096666619,0.4291950017914376,0.5763687504831063,0.48510699981284655,0.11260445963862116,0.7160310026150691,0.7555272067887928,0.9452440555333932,0.15980887137188582,1.0,0.30768577892253596,0.7443136801363759,0.19741409164607174,0.720961773417723,0.6998335882098785,0.8951637436474295,0.36235292127521757,0.9752947276252961,0.7582875209483146,0.8266551066520746,0.43479429594984764,0.825107867204658,0.8314070947386574,0.9010091830224072,0.4442830924634466,0.8812494505541735
person_318.jpg,chin_on_hand,0.14469897328685005,0.33462801624941935,0.2036407588677276,0.23487436999129527,0.07482144444551916,0.31904365832909604,0.35598224727246935,0.2901159937354267,0.05342526356418834,0.4711213465321881,0.643253797724014,0.5446757985937015,0.13249385796067714,0.7799447653093572,0.8504602268984935,0.9412901291961305,0.18522660198525817,1.0,0.33046146359707484,0.8231020672000434,0.2570857416713993,0.7723884224288483,0.7283723411556245,0.9387696518388281,0.3962393769434246,1.0,0.7795534113305541,0.8846765627099752,0.4793296886421326,0.8636641765031886,0.7446161006640404,0.9680209963810686,0.4724173035549212,0.9218214643801593
person_319.jpg,chin_on_hand,0.2614649683342284,0.39124358035083634,0.33030045039940276,0.3006480655419874,0.18098108937543744,0.32891355133648476,0.44041834923408185,0.3642605202210553,0.10051395304206101,0.43044006499125204,0.6341895800505354,0.60580611652083,0.08665923119458632,0.7136151551853639,0.8136810598195783,0.9549786422134189,0.0855749468820277,1.0,0.5162884674632132,0.8905674393379533,0.26239865443961463,0.8672356246313039,0.6525057844631853,0.9465788083295368,0.2967085365180009,1.0,0.8801205241239023,0.9570771314970263,0.4385705670339983,0.9367577805364297,0.8481954695822373,1.0,0.46460882336359344,1.0
person_320.jpg,chin_on_hand,0.4035447290452924,0.4923874108920114,0.48010405686307484,0.39941024812418974,0.3336926580891099,0.3661361066529517,0.5498711544465069,0.449610510317001,0.22384892938159612,0.3812642451303711,0.6409946038383563,0.6354805682561466,0.10199711285749076,0.7080979733179249,0.8703836669789948,0.9126889947018443,0.0686810706384678,1.0,0.8253420313820168,0.9615676256024224,0.2995126204980177,0.9165419717918324,0.6004342697883437,0.9507606096007835,0.25915956833526643,0.9946518260559832,0.7338781462313116,0.9237490989039718,0.38962503858913616,0.8944478784936892,0.763550717851474,1.0,0.43415168240499696,0.9720381420400621
person_321.jpg,chin_on_hand,0.4059907595937332,0.514970117421885,0.4897649838328864,0.4227837558949766,0.3384964037900352,0.3794002824049187,0.562351157956157,0.48147749324370537,0.2291592304571471,0.38851598080596195,0.6423041293487718,0.6582432729576941,0.10890372893446218,0.6943936179653845,0.8585954105751535,0.9206458288465659,0.06735035032819463,1.0,0.736714382714378,0.941728902018042,0.2941937947919777,0.9355654966307556,0.6009381445954476,0.9280201668540511,0.2575339111749842,0.9566976062848096,0.7387675317192381,0.8959608352538111,0.3889573613627378,0.864593737687886,0.7650666003355404,1.0,0.4269521241109708,0.9650684306234105
person_322.jpg,chin_on_hand,0.39819337439715424,0.5090173624908922,0.4801407104408823,0.41389941840516736,0.3262326578363827,0.3767701787518067,0.5544852248091406,0.46210730760991037,0.21273844027445754,0.3837808723187653,0.6418678963966076,0.6618262609087893,0.10019121542853675,0.6859097502064608,0.8438938756445691,0.9273301806962971,0.05781138324292462,0.9884352984934156,0.7110297246036003,0.9297749252303854,0.28996635443616614,0.940687247364622,0.5986978711883605,0.9231648588746487,0.25332115992504034,0.9482665913365037,0.7397435370941201,0.8892798517439083,0.3805742878646025,0.8557647358743226,0.7807379458161652,0.9937473892106782,0.42328381422029415,0.9595442826610804
person_323.jpg,chin_on_hand,0.39696757847207825,0.5096441413392776,0.4763354315118993,0.4149964423301363,0.3258400463818075,0.3829018879979239,0.5512865222672997,0.45533047544432087,0.21436441527768632,0.3877784696448606,0.6434338024694681,0.6588198126599453,0.10049071052528381,0.6894630915551707,0.8348983195382977,0.9294440373946715,0.05999542294975882,0.9836413473872458,0.6953688691549235,0.9269799719758572,0.3015609255767264,0.9114984313108797,0.5990417764857955,0.9293042692743553,0.2549672615993693,0.9570667170640514,0.7340999114077409,0.8990266299875252,0.3932290000598869,0.8676792215860649,0.776276481470422,0.994059361255459,0.4308164706487741,0.9586791277961557
person_324.jpg,chin_on_hand,0.45073059097645163,0.48856766099102467,0.553320437394324,0.4216331327292417,0.40258271553105407,0.35413533724172597,0.6266311178323636,0.47945910256628815,0.29268350704788654,0.32493489257858077,0.675084478380271,0.6417142222675969,0.14963559659789974,0.6281590962389494,0.7508840065813037,1.0,0.06849376349117078,0.9994436283603452,0.3688951645334639,0.889542032843038,0.2619803105132771,0.824174622289484,0.6317471374769413,0.898294574712494,0.29382349157809773,0.8862234043470157,0.6432909350182417,0.864199604742452,0.36188148187603014,0.7927790188768584,0.6975726496083553,0.9681505648666187,0.4098116012739976,0.8773521690097932
person_325.jpg,chin_on_hand,0.7006418997467224,0.34303546679150315,0.7807844283959128,0.2979556835068967,0.644946691888939,0.2510742631995239,0.8431435150644065,0.3936605831341107,0.5321586307944888,0.28300506619389565,0.8428549591274703,0.689564057770675,0.3209160664232178,0.5552661966557816,0.8727204402118754,1.0,0.11146632075765844,0.9330958539707974,0.8607841971774769,0.9775129573945819,0.35835973174457464,1.0,0.617388782472615,0.9931996454090373,0.2803823652268025,0.9462774594787482,0.7498007492645093,0.9470078700547118,0.35810807733579375,0.9060409629005485,0.6954746348120843,1.0,0.42002475438588094,0.9896941834197371
person_326.jpg,chin_on_hand,0.9822471802643946,0.43164607567564894,1.0,0.36437963729607836,0.936999972454185,0.2932675755605722,1.0,0.44189890287971945,0.7807862503995212,0.28103308076826006,0.9324864898770961,0.8096235486223106,0.4229921925632041,0.5648329451464563,0.9467464269688066,1.0,0.1097240208607939,0.9400120140990681,0.9362483564890214,0.9260686598762441,0.2557714437604545,0.9717887708934364,0.6248772424721288,0.9665599615944085,0.28035910703430333,0.8788079609257691,0.7166429799123823,0.9163558495446129,0.3119939792543977,0.9132328425448974,0.6379812325658963,1.0,0.2209245218403805,0.9895808364003322
person_327.jpg,chin_on_hand,0.9073984519488053,0.38854642224603386,0.9853987623310424,0.34960097728885997,0.877002667107623,0.2527732703787404,1.0,0.48638057429252973,0.7432114844593659,0.25820987024021735,0.8858156230880793,0.7881021888531168,0.4023434163318652,0.5310524185561861,0.8883688183599677,1.0,0.07312789373749347,0.9424666701933049,0.837983394611197,0.879806018495167,0.33669318959392713,0.9924096903816684,0.5634363027521188,0.9518583538062884,0.23095580012041467,0.8605527882380875,0.6413951517174311,0.9105343554022971,0.2649488042825686,0.8941672274431504,0.5783620475461995,1.0,0.23668258983961493,0.9722616781959031
person_328.jpg,chin_on_hand,0.8583829494085022,0.40894896178582385,0.9864645732953615,0.3839404914211311,0.8538288732598618,0.25430781178411704,1.0,0.5969209047618307,0.7590019049025293,0.27233824877798773,0.925902000231551,0.8367670883417084,0.44053369870132486,0.5296009265134162,0.8400614161477343,1.0,0.08768280484492914,0.8969498583060859,0.7677348055438967,0.8744966589640034,0.21792563137798976,0.9425446915596203,0.5588096408634312,0.9045556277643287,0.22378667632501228,0.7705965748047191,0.5615459457360458,0.8829761918697433,0.22864232608565901,0.830711565479746,0.5269795273914533,0.9939122246742644,0.1663720343913169,0.9335110547775354
person_329.jpg,chin_on_hand,0.8106499297691568,0.3840215641435116,0.9423582654618355,0.4069976965823028,0.8361600082953389,0.23775567471997472,1.0,0.6430718348617609,0.7667514119636849,0.22047475548633208,0.8576631418643917,0.8459764329776336,0.460770537116027,0.46794197412968835,0.7696538248990619,1.0,0.10857707461719472,0.8574640283342936,0.7355687503688344,0.8630312524867438,0.25598240394238847,0.9393491983540522,0.4071680616072267,0.8772703984478994,0.1396489963046081,0.7047258309689246,0.45222875113816013,0.8409628577909355,0.16340136251897333,0.8039048475447055,0.43269856788332434,0.9959141956254026,0.14008514668438504,0.8857550881106174
person_330.jpg,chin_on_hand,0.8153568850501326,0.3914579384451217,0.9453919543879682,0.40847336040858245,0.8351039007204101,0.23894766202114,1.0,0.6300041232792183,0.7594314650028123,0.20894572618088633,0.8756626168518103,0.8472979119814332,0.4580264664365696,0.473357036640986,0.7698589095797591,1.0,0.1028161115537687,0.8866311771266165,0.7282716583091973,0.8622748656259702,0.26462946875462123,0.934157914244957,0.462422228289584,0.8834170252092398,0.18576855620975555,0.7147937534697494,0.47048342165639734,0.8301117314426714,0.1914361475161103,0.7975737065340531,0.4452568704172785,0.9923626389920766,0.1531155481859049,0.8947678448547243
person_331.jpg,chin_on_hand,0.7886955202082684,0.45190081630489765,0.9181062373077653,0.45751403691939996,0.8174239567646648,0.2699207910139315,0.9577288615705207,0.6445847896945258,0.745225128849621,0.18828340540157995,0.7258154644485462,0.7755306742146149,0.4421775275703775,0.456468166575584,0.6148074170261469,0.9689076803705299,0.1319251469071218,0.851088927402497,0.7597586021472506,0.7166807081169927,0.2877036894264828,0.8941239724136004,0.4060591965193032,0.7650990237202598,0.18608829675998312,0.619425817181245,0.47302564715982387,0.8103567421306765,0.15282538747807056,0.7618873265224453,0.4604863684634556,0.9729256613836953,0.08568093455405994,0.8156546102923986
person_332.jpg,chin_on_hand,0.8070672882134442,0.38042916492116124,0.9194755065459264,0.39068954247471227,0.8247874123237492,0.23233990323739298,0.9638702500849726,0.580117890379023,0.7529465550548818,0.19225998709134948,0.8271049619935047,0.7962438631430814,0.5051853235432888,0.39769579177827324,0.7735367675794869,1.0,0.2162856758974024,0.7165831022794413,0.7495438329466314,0.7469487984243448,0.32300903492561006,0.8410933339904648,0.4426985091927194,0.8946400060469369,0.22669601735812994,0.7063006544017063,0.41593350694703624,0.7433368986033716,0.192130925933191,0.6734310550867825,0.39133086441269743,0.9302732082111894,0.12592999694596346,0.8294558013962882
person_333.jpg,chin_on_hand,0.799783620042315,0.26501832536761,0.8960481648597517,0.2543227970278648,0.7776740662512185,0.18360994593491645,0.9687611340088669,0.4195230373734913,0.6899543061554041,0.24125643438188152,0.9025186054559646,0.7117386348407873,0.4200643977015572,0.44136886388357444,0.8584839038972417,1.0,0.12382030623412485,0.8384082907967889,0.7768643666221775,0.643926390206254,0.23764799126505853,0.9647176255948927,0.5829417527441099,1.0,0.2510764046678366,0.9517719219209275,0.6221582558947308,0.9323820779609853,0.22335716341364048,0.883417222731319,0.6329080535976171,0.9681580092122156,0.25603281174841447,0.9433180435223429
person_334.jpg,chin_on_hand,0.8606480646869655,0.32035261843940627,0.9537806156660489,0.2862062013849711,0.8321161713838927,0.21888424984464916,1.0,0.4253574107563957,0.741827055416277,0.25390060199983494,0.9321094301792496,0.7182260708717212,0.48443215820177343,0.43895606898178297,0.8676359361362785,1.0,0.15217420447401495,0.8427994723594859,0.8045410695125446,0.676064358144266,0.2714577140064358,0.9648051083644931,0.6177437571082683,1.0,0.29669688632950086,0.9391382786050758,0.6445654527561568,0.9403020475764712,0.23775532950957226,0.9065287987963118,0.6393948338880358,0.9939455245498088,0.22114936773118118,0.953260543894428
person_335.jpg,chin_on_hand,0.8313682348374121,0.3176771722693866,0.9358875054387048,0.2880011938219411,0.8106963365926482,0.21174107331940034,1.0,0.43766257740145464,0.7216563363842188,0.24405540736517092,0.8963784087978053,0.7022993824278944,0.48927565570588527,0.4256908083149152,0.8154298986772549,1.0,0.13279532492841753,0.8855791349557713,0.7769514854503248,0.6970285917622339,0.2994898038939824,0.9968411690042897,0.5569283888667432,1.0,0.24969673521388766,0.9277825015518623,0.5491227727363915,0.929647468813603,0.17476375829483903,0.8764845921217164,0.5462347227758628,0.9849694417106266,0.17195621419247933,0.9565465664184143
person_336.jpg,chin_on_hand,0.8396204371294913,0.3232639652741938,0.9435227098916464,0.2952178181794775,0.818164208560845,0.21447119365793613,1.0,0.44282922629137916,0.7218304221887383,0.24142212535776722,0.893504530123109,0.6883993497998699,0.4770237628363191,0.4187326322692674,0.7957111359153368,1.0,0.10908297754441341,0.88027851223366,0.7709589973447483,0.6549020780883844,0.2550229880129963,0.9783145458614111,0.5636948169929763,1.0,0.24821543210954647,0.9208449118204884,0.5435580770832771,0.9455440352316689,0.158448458636131,0.8980865441666197,0.5576855699211892,0.9793635293462823,0.1922019642618035,0.9556176692983389
person_337.jpg,chin_on_hand,0.755416298526686,0.287828588224266,0.845467051484641,0.25362052728252105,0.7203414396956496,0.20458642027099005,0.923106897933468,0.3651915456829423,0.6355542801289324,0.24243318235818032,0.8761673691671055,0.61064254580565,0.4150294083284188,0.47130651080688946,0.8110550770467524,0.9750052676873363,0.11613034185186781,0.8694725835662913,0.8359838688833885,0.7849984190105712,0.27300889083233054,0.9237153470210305,0.5804603746056086,0.9203745674142364,0.26682519282993994,0.8632466007360824,0.6656055351311684,0.8780046656268848,0.28109626637105967,0.8507125794013338,0.6342060123211584,0.9378205193024188,0.33472897511378896,0.9075363046824889
person_338.jpg,chin_on_hand,0.47787950405964413,0.3929315562341121,0.5762894769084819,0.33278252334202796,0.43014376090098816,0.28968445375649504,0.6762539175845195,0.3835428964938164,0.34548535691883053,0.27943660800863507,0.7655312878990376,0.5820492575411027,0.24154206256308802,0.5117294405806934,0.8950922146082518,0.9777818635983706,0.1139420051021403,0.9121432850734565,0.7047540098044103,0.9888239876975424,0.26854108837143514,0.9949557570925353,0.6468082233185733,0.9837567297247133,0.30121647976651417,0.9467865182660424,0.6628916540022393,0.9667940447096091,0.2656289183648909,0.9389591979741053,0.5890049046382939,1.0,0.2904147308253301,0.9993586166756173
person_339.jpg,chin_on_hand,0.44813612894512667,0.411202617364313,0.5419761214652289,0.3449095808475898,0.39500755781337654,0.3090381144710335,0.6414511001682976,0.3801891436670981,0.3099365767001184,0.2948618575508965,0.7550158817968377,0.5811930908347119,0.22765484427268382,0.5249179969307649,0.9003152984686987,0.9642178549554951,0.11823575702798729,0.9100551992234774,0.7426358068939725,0.9860699513909361,0.2196626514159862,1.0,0.6573166645889172,0.9871285985667536,0.3103664111034927,0.9530140008840837,0.6700321012279499,0.9719123098263371,0.2514933499033847,0.9407785647450807,0.6061750711629164,1.0,0.2826597854204326,0.9933290983129697
person_340.jpg,chin_on_hand,0.5546921495993482,0.4635853982237721,0.6328123788627386,0.38240805631139807,0.49344797463542456,0.3503907970761812,0.7063248601256412,0.395801509144289,0.39431504723290434,0.3237888299785587,0.7834301951079063,0.5745996745161623,0.2889615043976158,0.5237765856312484,0.889313982305782,0.9770422173970126,0.125544878104032,0.9028759203952559,0.740157436289546,0.993363724603116,0.18440384687990763,1.0,0.6619763375787275,0.955951781532428,0.3337352484536941,0.9246828549850411,0.6810220764147895,0.9625131968529815,0.2523842118717903,0.932949766476103,0.6429824761126327,1.0,0.27192506256266713,0.980532828154037
person_341.jpg,chin_on_hand,0.5378542163569955,0.4703599060253369,0.6223082437242683,0.39016945318676094,0.4796371471657581,0.35458758806053914,0.7054854406368787,0.4122953802665691,0.387472833888812,0.3302527353416976,0.7772788871348545,0.5748872469586734,0.2815727064554764,0.5270017718625833,0.8972435746746339,0.9629852641497298,0.11639052626297446,0.9066730613654984,0.7386037640917669,0.993690266805217,0.18001454008319637,1.0,0.6552041511769117,0.9439478504123536,0.32327916216414604,0.9118863375527129,0.6775026039513161,0.9484221494492409,0.24265190954881258,0.9169306775386498,0.623789894346011,1.0,0.25663688189257317,0.9728494421577373
person_342.jpg,chin_on_hand,0.5361317759695918,0.4795892054351496,0.6225333289081488,0.3997824488576799,0.47966045629096443,0.35996169925463367,0.7057857027966181,0.4185799775019479,0.3871147316533966,0.3264306424622127,0.774237514362301,0.5726593924153932,0.276741682231558,0.523020646812824,0.8929157488318584,0.9672253952765615,0.11538639534957133,0.9100089577864485,0.7560793722864251,0.9905605044349206,0.18580961501068907,1.0,0.6548526404884569,0.9367703619513733,0.32311214187790116,0.9053762633888311,0.6750961217833934,0.9486217644987104,0.24713696646770134,0.918131882379558,0.6480366979852726,1.0,0.26794937936498253,0.9662637606431167
